subject,item,M1,M2,M3,M4,M5,M6,M7,M8,M9,M10,M11,M12,M13,M14,M15,M16,M17,M18,M19,M20,M21,M22,M23,M24,M25,M26,M27,M28,M29,M30,M31,M32,M33,M34,M35,M36,M37,M38,M39,M40,M41,M42,M43,M44,M45,M46,M47,M48,M49,M50,M51,M52,M53,M54,M55,M56,M57,M58,M59,M60,M61,M62,M63,M64,M65,M66,M67,M68,M69,M70,M71,M72,M73,M74,M75,M76,M77,M78,M79,M80,M81,M82,M83,M84,M85,M86,M87,M88,M89,M90,M91,M92,M93,M94,M95,M96,M97,M98,M99,M100,M101,M102,M103,M104,M105,M106,M107,M108,M109,M110,M111,M112,M113,M114,M115,M116,M117,M118,M119,M120,M121,M122,M123,M124,M125,M126,M127,M128,M129,M130,M131,M132,M133,M134,M135,M136,M137,M138,M139,M140,M141,M142,M143,M144
1,going_to_water,4.5,4.5,3.0,4.5,4.5,4.5,3.0,4.5,4.5,4.5,3.0,4.5,8.0,5.0,6.0,5.0,8.0,5.0,6.0,5.0,8.0,3.0,6.0,3.0,4.5,4.5,5.0,4.5,4.5,4.0,5.0,4.0,4.5,5.0,5.0,5.0,6.5,8.0,8.0,8.0,6.5,4.5,8.0,4.5,6.5,5.0,8.0,5.0,3.0,4.5,3.0,4.5,3.0,3.5,3.0,3.5,3.0,4.5,3.0,4.5,1.0,7.0,2.0,7.0,1.0,4.0,2.0,4.0,1.0,8.0,2.0,8.0,5.0,4.5,5.0,4.5,5.0,4.0,5.0,4.0,5.0,2.0,5.0,3.0,4.5,8.0,6.0,8.0,4.5,5.5,6.0,5.5,4.5,3.0,6.0,3.0,3.5,4.5,4.0,4.5,3.5,4.5,4.0,4.5,3.5,4.5,4.0,4.5,2.5,7.0,5.0,7.0,2.5,1.5,5.0,1.5,2.5,8.0,5.0,8.0,5.0,6.0,5.0,6.0,5.0,5.0,5.0,5.0,5.0,8.0,5.0,8.0,4.0,8.0,8.0,8.0,4.0,5.5,8.0,5.5,4.0,3.0,8.0,3.0
1,going_to_apple,4.5,4.5,3.0,4.5,4.5,4.5,3.0,4.5,4.5,4.5,3.0,4.5,2.5,8.0,8.0,8.0,2.5,5.0,8.0,5.0,2.5,1.0,8.0,1.0,4.5,4.5,1.0,4.5,4.5,8.0,1.0,8.0,4.5,2.0,1.0,2.0,4.0,2.0,4.0,2.0,4.0,4.5,4.0,4.5,4.0,8.0,4.0,8.0,3.0,4.5,3.0,4.5,3.0,7.0,3.0,7.0,3.0,7.0,3.0,7.0,7.5,8.0,8.0,8.0,7.5,4.0,8.0,4.0,7.5,2.0,8.0,2.0,1.0,4.5,1.0,4.5,1.0,8.0,1.0,8.0,1.0,2.0,1.0,1.5,4.5,7.0,3.0,7.0,4.5,5.5,3.0,5.5,4.5,6.0,3.0,6.0,3.5,7.0,4.0,7.0,3.5,7.0,4.0,7.0,3.5,7.0,4.0,7.0,5.5,8.0,6.0,8.0,5.5,5.5,6.0,5.5,5.5,6.0,6.0,6.0,1.0,6.0,1.0,6.0,1.0,1.0,1.0,1.0,1.0,6.5,1.0,6.5,8.0,7.0,5.0,7.0,8.0,5.5,5.0,5.5,8.0,8.0,5.0,8.0
1,going_to_peach,4.5,4.5,3.0,4.5,4.5,4.5,3.0,4.5,4.5,4.5,3.0,4.5,2.5,7.0,5.0,7.0,2.5,5.0,5.0,5.0,2.5,7.0,5.0,7.0,4.5,4.5,2.5,4.5,4.5,6.5,2.5,6.5,4.5,5.0,2.5,5.0,6.5,7.0,6.0,7.0,6.5,4.5,6.0,4.5,6.5,2.0,6.0,2.0,3.0,4.5,3.0,4.5,3.0,7.0,3.0,7.0,3.0,7.0,3.0,7.0,7.5,2.0,7.0,2.0,7.5,4.0,7.0,4.0,7.5,3.0,7.0,3.0,2.5,4.5,2.5,4.5,2.5,6.5,2.5,6.5,2.5,4.5,2.5,4.5,4.5,3.0,1.0,3.0,4.5,5.5,1.0,5.5,4.5,5.0,1.0,5.0,3.5,7.0,4.0,7.0,3.5,7.0,4.0,7.0,3.5,7.0,4.0,7.0,5.5,3.0,3.0,3.0,5.5,5.5,3.0,5.5,5.5,1.0,3.0,1.0,2.5,6.0,2.5,6.0,2.5,2.5,2.5,2.5,2.5,4.5,2.5,4.5,6.5,1.0,1.0,1.0,6.5,1.5,1.0,1.5,6.5,2.0,1.0,2.0
1,going_to_beer,4.5,4.5,6.0,4.5,4.5,4.5,6.0,4.5,4.5,4.5,6.0,4.5,2.5,3.0,7.0,3.0,2.5,5.0,7.0,5.0,2.5,4.0,7.0,4.0,4.5,4.5,6.0,4.5,4.5,3.0,6.0,3.0,4.5,2.0,6.0,2.0,3.0,4.0,5.0,4.0,3.0,4.5,5.0,4.5,3.0,3.0,5.0,3.0,6.0,4.5,6.0,4.5,6.0,5.0,6.0,5.0,6.0,3.0,6.0,3.0,3.0,4.0,1.0,4.0,3.0,8.0,1.0,8.0,3.0,4.0,1.0,4.0,6.0,4.5,6.0,4.5,6.0,3.0,6.0,3.0,6.0,6.0,6.0,6.0,4.5,2.0,7.0,2.0,4.5,1.5,7.0,1.5,4.5,2.0,7.0,2.0,3.5,3.0,1.0,3.0,3.5,3.0,1.0,3.0,3.5,3.0,1.0,3.0,1.0,6.0,7.0,6.0,1.0,5.5,7.0,5.5,1.0,3.0,7.0,3.0,6.0,3.0,6.0,3.0,6.0,6.0,6.0,6.0,6.0,3.0,6.0,3.0,3.0,5.0,3.0,5.0,3.0,5.5,3.0,5.5,3.0,4.0,3.0,4.0
1,going_to_deer,4.5,4.5,8.0,4.5,4.5,4.5,8.0,4.5,4.5,4.5,8.0,4.5,2.5,6.0,2.0,6.0,2.5,5.0,2.0,5.0,2.5,6.0,2.0,6.0,4.5,4.5,8.0,4.5,4.5,1.0,8.0,1.0,4.5,8.0,8.0,8.0,1.0,6.0,3.0,6.0,1.0,4.5,3.0,4.5,1.0,4.0,3.0,4.0,8.0,4.5,8.0,4.5,8.0,2.0,8.0,2.0,8.0,1.0,8.0,1.0,4.0,6.0,4.0,6.0,4.0,4.0,4.0,4.0,4.0,7.0,4.0,7.0,8.0,4.5,8.0,4.5,8.0,1.0,8.0,1.0,8.0,8.0,8.0,8.0,4.5,4.0,2.0,4.0,4.5,5.5,2.0,5.5,4.5,1.0,2.0,1.0,8.0,2.0,8.0,2.0,8.0,2.0,8.0,2.0,8.0,1.0,8.0,1.0,7.0,4.0,1.0,4.0,7.0,5.5,1.0,5.5,7.0,5.0,1.0,5.0,8.0,1.0,8.0,1.0,8.0,7.0,8.0,7.0,8.0,1.0,8.0,1.0,1.0,6.0,7.0,6.0,1.0,5.5,7.0,5.5,1.0,7.0,7.0,7.0
1,going_to_rabbit,4.5,4.5,7.0,4.5,4.5,4.5,7.0,4.5,4.5,4.5,7.0,4.5,5.0,4.0,4.0,4.0,5.0,5.0,4.0,5.0,5.0,5.0,4.0,5.0,4.5,4.5,7.0,4.5,4.5,2.0,7.0,2.0,4.5,7.0,7.0,7.0,2.0,3.0,7.0,3.0,2.0,4.5,7.0,4.5,2.0,1.0,7.0,1.0,7.0,4.5,7.0,4.5,7.0,1.0,7.0,1.0,7.0,2.0,7.0,2.0,5.0,5.0,5.0,5.0,5.0,4.0,5.0,4.0,5.0,5.0,5.0,5.0,7.0,4.5,7.0,4.5,7.0,2.0,7.0,2.0,7.0,7.0,7.0,7.0,4.5,6.0,4.0,6.0,4.5,5.5,4.0,5.5,4.5,7.0,4.0,7.0,7.0,1.0,7.0,1.0,7.0,1.0,7.0,1.0,7.0,2.0,7.0,2.0,8.0,1.0,2.0,1.0,8.0,5.5,2.0,5.5,8.0,2.0,2.0,2.0,7.0,2.0,7.0,2.0,7.0,8.0,7.0,8.0,7.0,2.0,7.0,2.0,2.0,4.0,6.0,4.0,2.0,5.5,6.0,5.5,2.0,1.0,6.0,1.0
1,going_to_pear,4.5,4.5,3.0,4.5,4.5,4.5,3.0,4.5,4.5,4.5,3.0,4.5,6.5,2.0,1.0,2.0,6.5,5.0,1.0,5.0,6.5,2.0,1.0,2.0,4.5,4.5,2.5,4.5,4.5,6.5,2.5,6.5,4.5,5.0,2.5,5.0,6.5,5.0,2.0,5.0,6.5,4.5,2.0,4.5,6.5,7.0,2.0,7.0,3.0,4.5,3.0,4.5,3.0,7.0,3.0,7.0,3.0,7.0,3.0,7.0,6.0,3.0,6.0,3.0,6.0,4.0,6.0,4.0,6.0,1.0,6.0,1.0,2.5,4.5,2.5,4.5,2.5,6.5,2.5,6.5,2.5,4.5,2.5,4.5,4.5,1.0,5.0,1.0,4.5,1.5,5.0,1.5,4.5,4.0,5.0,4.0,3.5,7.0,4.0,7.0,3.5,7.0,4.0,7.0,3.5,7.0,4.0,7.0,4.0,5.0,4.0,5.0,4.0,1.5,4.0,1.5,4.0,4.0,4.0,4.0,2.5,6.0,2.5,6.0,2.5,2.5,2.5,2.5,2.5,4.5,2.5,4.5,6.5,2.0,2.0,2.0,6.5,1.5,2.0,1.5,6.5,6.0,2.0,6.0
1,going_to_juice,4.5,4.5,3.0,4.5,4.5,4.5,3.0,4.5,4.5,4.5,3.0,4.5,6.5,1.0,3.0,1.0,6.5,1.0,3.0,1.0,6.5,8.0,3.0,8.0,4.5,4.5,4.0,4.5,4.5,5.0,4.0,5.0,4.5,2.0,4.0,2.0,6.5,1.0,1.0,1.0,6.5,4.5,1.0,4.5,6.5,6.0,1.0,6.0,3.0,4.5,3.0,4.5,3.0,3.5,3.0,3.5,3.0,4.5,3.0,4.5,2.0,1.0,3.0,1.0,2.0,4.0,3.0,4.0,2.0,6.0,3.0,6.0,4.0,4.5,4.0,4.5,4.0,5.0,4.0,5.0,4.0,2.0,4.0,1.5,4.5,5.0,8.0,5.0,4.5,5.5,8.0,5.5,4.5,8.0,8.0,8.0,3.5,4.5,4.0,4.5,3.5,4.5,4.0,4.5,3.5,4.5,4.0,4.5,2.5,2.0,8.0,2.0,2.5,5.5,8.0,5.5,2.5,7.0,8.0,7.0,4.0,6.0,4.0,6.0,4.0,4.0,4.0,4.0,4.0,6.5,4.0,6.5,5.0,3.0,4.0,3.0,5.0,5.5,4.0,5.5,5.0,5.0,4.0,5.0
1,gathering_water,4.5,4.5,5.0,4.5,4.5,4.5,5.0,4.5,4.5,4.5,5.0,4.5,6.0,1.0,4.0,1.0,6.0,1.5,4.0,1.5,6.0,3.0,4.0,3.0,4.5,4.5,7.0,4.5,4.5,4.0,7.0,4.0,4.5,1.0,7.0,1.0,4.0,3.0,8.0,3.0,4.0,2.0,8.0,2.0,4.0,5.0,8.0,5.0,5.0,4.5,5.0,4.5,5.0,3.5,5.0,3.5,5.0,4.5,5.0,4.5,4.0,3.0,5.0,3.0,4.0,5.5,5.0,5.5,4.0,1.0,5.0,1.0,7.0,4.5,7.0,4.5,7.0,4.0,7.0,4.0,7.0,1.0,7.0,1.0,7.0,8.0,5.0,8.0,7.0,4.0,5.0,4.0,7.0,6.0,5.0,6.0,5.0,4.5,5.0,4.5,5.0,4.5,5.0,4.5,5.0,4.5,5.0,4.5,7.0,4.0,7.0,4.0,7.0,5.0,7.0,5.0,7.0,1.0,7.0,1.0,7.0,6.0,7.0,6.0,7.0,8.0,7.0,8.0,7.0,6.0,7.0,6.0,2.0,7.0,7.0,7.0,2.0,4.5,7.0,4.5,2.0,3.0,7.0,3.0
1,gathering_apple,4.5,4.5,5.0,4.5,4.5,4.5,5.0,4.5,4.5,4.5,5.0,4.5,3.5,5.0,7.0,5.0,3.5,5.5,7.0,5.5,3.5,1.0,7.0,1.0,4.5,4.5,1.0,4.5,4.5,8.0,1.0,8.0,4.5,3.5,1.0,3.5,8.0,8.0,4.0,8.0,8.0,6.0,4.0,6.0,8.0,8.0,4.0,8.0,5.0,4.5,5.0,4.5,5.0,7.0,5.0,7.0,5.0,7.0,5.0,7.0,6.5,4.0,2.0,4.0,6.5,5.5,2.0,5.5,6.5,7.0,2.0,7.0,1.0,4.5,1.0,4.5,1.0,8.0,1.0,8.0,1.0,2.5,1.0,2.5,3.0,1.0,7.0,1.0,3.0,4.0,7.0,4.0,3.0,3.0,7.0,3.0,5.0,7.0,5.0,7.0,5.0,7.0,5.0,7.0,5.0,7.0,5.0,7.0,1.5,6.0,4.0,6.0,1.5,5.0,4.0,5.0,1.5,3.0,4.0,3.0,1.0,6.0,1.0,6.0,1.0,3.0,1.0,3.0,1.0,7.5,1.0,7.5,6.0,3.0,4.0,3.0,6.0,4.5,4.0,4.5,6.0,8.0,4.0,8.0
1,gathering_peach,4.5,4.5,5.0,4.5,4.5,4.5,5.0,4.5,4.5,4.5,5.0,4.5,3.5,8.0,8.0,8.0,3.5,5.5,8.0,5.5,3.5,7.0,8.0,7.0,4.5,4.5,4.5,4.5,4.5,6.5,4.5,6.5,4.5,6.5,4.5,6.5,6.0,7.0,7.0,7.0,6.0,6.0,7.0,6.0,6.0,2.0,7.0,2.0,5.0,4.5,5.0,4.5,5.0,7.0,5.0,7.0,5.0,7.0,5.0,7.0,6.5,6.0,7.0,6.0,6.5,5.5,7.0,5.5,6.5,6.0,7.0,6.0,4.5,4.5,4.5,4.5,4.5,6.5,4.5,6.5,4.5,4.5,4.5,4.5,5.0,2.0,4.0,2.0,5.0,4.0,4.0,4.0,5.0,4.0,4.0,4.0,5.0,7.0,5.0,7.0,5.0,7.0,5.0,7.0,5.0,7.0,5.0,7.0,1.5,7.0,1.0,7.0,1.5,5.0,1.0,5.0,1.5,8.0,1.0,8.0,4.5,6.0,4.5,6.0,4.5,4.5,4.5,4.5,4.5,4.5,4.5,4.5,4.0,5.0,2.0,5.0,4.0,4.5,2.0,4.5,4.0,2.0,2.0,2.0
1,gathering_beer,4.5,4.5,8.0,4.5,4.5,4.5,8.0,4.5,4.5,4.5,8.0,4.5,3.5,4.0,6.0,4.0,3.5,5.5,6.0,5.5,3.5,4.0,6.0,4.0,4.5,4.5,8.0,4.5,4.5,3.0,8.0,3.0,4.5,2.0,8.0,2.0,3.0,2.0,2.0,2.0,3.0,2.0,2.0,2.0,3.0,3.0,2.0,3.0,8.0,4.5,8.0,4.5,8.0,5.0,8.0,5.0,8.0,3.0,8.0,3.0,2.0,7.0,3.0,7.0,2.0,5.5,3.0,5.5,2.0,5.0,3.0,5.0,8.0,4.5,8.0,4.5,8.0,3.0,8.0,3.0,8.0,6.0,8.0,6.0,8.0,4.0,6.0,4.0,8.0,4.0,6.0,4.0,8.0,7.0,6.0,7.0,8.0,3.0,8.0,3.0,8.0,3.0,8.0,3.0,8.0,3.0,8.0,3.0,6.0,8.0,8.0,8.0,6.0,5.0,8.0,5.0,6.0,6.0,8.0,6.0,8.0,3.0,8.0,3.0,8.0,6.0,8.0,6.0,8.0,3.0,8.0,3.0,1.0,8.0,8.0,8.0,1.0,4.5,8.0,4.5,1.0,4.0,8.0,4.0
1,gathering_deer,4.5,4.5,1.0,4.5,4.5,4.5,1.0,4.5,4.5,4.5,1.0,4.5,3.5,2.0,1.0,2.0,3.5,5.5,1.0,5.5,3.5,6.0,1.0,6.0,4.5,4.5,3.0,4.5,4.5,1.0,3.0,1.0,4.5,8.0,3.0,8.0,1.0,6.0,6.0,6.0,1.0,6.0,6.0,6.0,1.0,4.0,6.0,4.0,1.0,4.5,1.0,4.5,1.0,2.0,1.0,2.0,1.0,1.0,1.0,1.0,1.0,8.0,8.0,8.0,1.0,5.5,8.0,5.5,1.0,2.0,8.0,2.0,3.0,4.5,3.0,4.5,3.0,1.0,3.0,1.0,3.0,8.0,3.0,8.0,1.0,3.0,1.0,3.0,1.0,8.0,1.0,8.0,1.0,8.0,1.0,8.0,1.5,2.0,1.5,2.0,1.5,2.0,1.5,2.0,1.5,1.0,1.5,1.0,5.0,5.0,6.0,5.0,5.0,5.0,6.0,5.0,5.0,4.0,6.0,4.0,3.0,1.0,3.0,1.0,3.0,1.0,3.0,1.0,3.0,1.0,3.0,1.0,8.0,1.0,1.0,1.0,8.0,4.5,1.0,4.5,8.0,7.0,1.0,7.0
1,gathering_rabbit,4.5,4.5,2.0,4.5,4.5,4.5,2.0,4.5,4.5,4.5,2.0,4.5,1.0,7.0,3.0,7.0,1.0,5.5,3.0,5.5,1.0,5.0,3.0,5.0,4.5,4.5,2.0,4.5,4.5,2.0,2.0,2.0,4.5,5.0,2.0,5.0,2.0,5.0,1.0,5.0,2.0,6.0,1.0,6.0,2.0,1.0,1.0,1.0,2.0,4.5,2.0,4.5,2.0,1.0,2.0,1.0,2.0,2.0,2.0,2.0,8.0,1.0,1.0,1.0,8.0,1.0,1.0,1.0,8.0,4.0,1.0,4.0,2.0,4.5,2.0,4.5,2.0,2.0,2.0,2.0,2.0,7.0,2.0,7.0,2.0,7.0,2.0,7.0,2.0,4.0,2.0,4.0,2.0,2.0,2.0,2.0,1.5,1.0,1.5,1.0,1.5,1.0,1.5,1.0,1.5,2.0,1.5,2.0,4.0,1.0,2.0,1.0,4.0,5.0,2.0,5.0,4.0,7.0,2.0,7.0,2.0,2.0,2.0,2.0,2.0,2.0,2.0,2.0,2.0,2.0,2.0,2.0,7.0,2.0,3.0,2.0,7.0,4.5,3.0,4.5,7.0,1.0,3.0,1.0
1,gathering_pear,4.5,4.5,5.0,4.5,4.5,4.5,5.0,4.5,4.5,4.5,5.0,4.5,7.5,6.0,2.0,6.0,7.5,5.5,2.0,5.5,7.5,2.0,2.0,2.0,4.5,4.5,4.5,4.5,4.5,6.5,4.5,6.5,4.5,6.5,4.5,6.5,7.0,1.0,3.0,1.0,7.0,2.0,3.0,2.0,7.0,7.0,3.0,7.0,5.0,4.5,5.0,4.5,5.0,7.0,5.0,7.0,5.0,7.0,5.0,7.0,5.0,2.0,4.0,2.0,5.0,2.0,4.0,2.0,5.0,8.0,4.0,8.0,4.5,4.5,4.5,4.5,4.5,6.5,4.5,6.5,4.5,4.5,4.5,4.5,4.0,5.0,3.0,5.0,4.0,4.0,3.0,4.0,4.0,5.0,3.0,5.0,5.0,7.0,5.0,7.0,5.0,7.0,5.0,7.0,5.0,7.0,5.0,7.0,3.0,3.0,3.0,3.0,3.0,1.0,3.0,1.0,3.0,5.0,3.0,5.0,4.5,6.0,4.5,6.0,4.5,4.5,4.5,4.5,4.5,4.5,4.5,4.5,5.0,4.0,5.0,4.0,5.0,4.5,5.0,4.5,5.0,6.0,5.0,6.0
1,gathering_juice,4.5,4.5,5.0,4.5,4.5,4.5,5.0,4.5,4.5,4.5,5.0,4.5,7.5,3.0,5.0,3.0,7.5,1.5,5.0,1.5,7.5,8.0,5.0,8.0,4.5,4.5,6.0,4.5,4.5,5.0,6.0,5.0,4.5,3.5,6.0,3.5,5.0,4.0,5.0,4.0,5.0,6.0,5.0,6.0,5.0,6.0,5.0,6.0,5.0,4.5,5.0,4.5,5.0,3.5,5.0,3.5,5.0,4.5,5.0,4.5,3.0,5.0,6.0,5.0,3.0,5.5,6.0,5.5,3.0,3.0,6.0,3.0,6.0,4.5,6.0,4.5,6.0,5.0,6.0,5.0,6.0,2.5,6.0,2.5,6.0,6.0,8.0,6.0,6.0,4.0,8.0,4.0,6.0,1.0,8.0,1.0,5.0,4.5,5.0,4.5,5.0,4.5,5.0,4.5,5.0,4.5,5.0,4.5,8.0,2.0,5.0,2.0,8.0,5.0,5.0,5.0,8.0,2.0,5.0,2.0,6.0,6.0,6.0,6.0,6.0,7.0,6.0,7.0,6.0,7.5,6.0,7.5,3.0,6.0,6.0,6.0,3.0,4.5,6.0,4.5,3.0,5.0,6.0,5.0
1,boiling_water,4.5,7.0,6.5,4.5,4.5,7.0,6.5,4.5,4.5,2.0,6.5,4.5,1.0,7.0,5.0,5.0,1.0,7.0,5.0,4.5,1.0,1.0,5.0,3.0,4.5,7.0,7.0,4.5,4.5,7.0,7.0,4.0,4.5,2.0,7.0,2.0,7.0,1.0,5.0,4.0,7.0,7.5,5.0,6.0,7.0,7.0,5.0,5.0,6.5,7.0,6.5,4.5,6.5,6.5,6.5,3.5,6.5,2.5,6.5,4.5,4.5,7.0,5.0,5.0,4.5,6.5,5.0,4.5,4.5,8.0,5.0,8.0,7.0,7.0,7.0,4.5,7.0,7.0,7.0,4.0,7.0,1.0,7.0,1.0,2.0,1.0,1.0,3.0,2.0,7.0,1.0,4.5,2.0,2.0,1.0,6.0,6.5,7.5,6.5,4.5,6.5,7.5,6.5,4.5,6.5,2.5,6.5,4.5,1.0,8.0,1.0,5.0,1.0,7.0,1.0,4.5,1.0,1.0,1.0,1.0,7.0,7.5,7.0,7.0,7.0,7.0,7.0,4.0,7.0,7.0,7.0,5.0,7.0,7.0,7.0,7.0,7.0,7.0,7.0,5.0,7.0,1.0,7.0,3.0
1,boiling_apple,4.5,3.0,3.0,4.5,4.5,3.0,3.0,4.5,4.5,6.0,3.0,4.5,5.0,3.0,7.0,3.0,5.0,3.0,7.0,4.5,5.0,5.0,7.0,1.0,4.5,3.0,1.0,4.5,4.5,3.0,1.0,8.0,4.5,6.0,1.0,5.5,3.0,5.0,8.0,1.0,3.0,3.0,8.0,2.0,3.0,3.0,8.0,8.0,3.0,3.0,3.0,4.5,3.0,3.0,3.0,7.0,3.0,6.0,3.0,7.0,4.5,4.0,1.0,6.0,4.5,3.0,1.0,4.5,4.5,3.0,1.0,2.0,3.0,3.0,1.0,4.5,3.0,3.0,1.0,8.0,3.0,6.0,1.0,3.5,6.0,5.0,7.0,2.0,6.0,3.0,7.0,4.5,6.0,5.0,7.0,3.0,3.0,3.0,3.0,7.0,3.0,3.0,3.0,7.0,3.0,6.0,3.0,7.0,6.0,3.0,3.0,8.0,6.0,3.0,3.0,4.5,6.0,5.0,3.0,3.0,3.0,3.0,1.0,7.0,3.0,3.0,1.0,8.0,3.0,3.0,1.0,5.0,3.0,3.0,2.0,3.0,3.0,3.0,2.0,5.0,3.0,4.0,2.0,8.0
1,boiling_peach,4.5,3.0,3.0,4.5,4.5,3.0,3.0,4.5,4.5,6.0,3.0,4.5,5.0,3.0,3.0,1.0,5.0,3.0,3.0,4.5,5.0,5.0,3.0,7.0,4.5,3.0,2.5,4.5,4.5,3.0,2.5,6.5,4.5,6.0,2.5,3.5,3.0,5.0,3.0,8.0,3.0,3.0,3.0,6.0,3.0,3.0,3.0,2.0,3.0,3.0,3.0,4.5,3.0,3.0,3.0,7.0,3.0,6.0,3.0,7.0,4.5,4.0,2.0,1.0,4.5,3.0,2.0,1.0,4.5,3.0,2.0,3.0,3.0,3.0,2.5,4.5,3.0,3.0,2.5,6.5,3.0,6.0,2.5,3.5,6.0,5.0,5.0,5.0,6.0,3.0,5.0,4.5,6.0,5.0,5.0,4.0,3.0,3.0,3.0,7.0,3.0,3.0,3.0,7.0,3.0,6.0,3.0,7.0,6.0,3.0,5.0,6.0,6.0,3.0,5.0,4.5,6.0,5.0,5.0,8.0,3.0,3.0,2.5,4.5,3.0,3.0,2.5,6.5,3.0,3.0,2.5,7.5,3.0,3.0,5.0,4.0,3.0,3.0,5.0,5.0,3.0,4.0,5.0,2.0
1,boiling_beer,4.5,7.0,8.0,4.5,4.5,7.0,8.0,4.5,4.5,2.0,8.0,4.5,2.0,8.0,2.0,7.0,2.0,7.0,2.0,4.5,2.0,2.0,2.0,4.0,4.5,7.0,8.0,4.5,4.5,6.0,8.0,3.0,4.5,1.0,8.0,1.0,8.0,2.0,4.0,5.0,8.0,6.0,4.0,2.0,8.0,6.0,4.0,3.0,8.0,7.0,8.0,4.5,8.0,8.0,8.0,5.0,8.0,1.0,8.0,3.0,4.5,1.0,7.0,2.0,4.5,8.0,7.0,8.0,4.5,6.0,7.0,4.0,8.0,7.0,8.0,4.5,8.0,6.0,8.0,3.0,8.0,3.0,8.0,6.0,1.0,2.0,3.0,4.0,1.0,7.0,3.0,4.5,1.0,8.0,3.0,7.0,8.0,6.0,8.0,3.0,8.0,6.0,8.0,3.0,8.0,1.0,8.0,3.0,3.0,7.0,4.0,4.0,3.0,7.0,4.0,4.5,3.0,8.0,4.0,6.0,8.0,6.0,8.0,3.0,8.0,6.0,8.0,3.0,8.0,6.0,8.0,3.0,8.0,6.0,8.0,6.0,8.0,7.0,8.0,5.0,8.0,7.0,8.0,4.0
1,boiling_deer,4.5,3.0,3.0,4.5,4.5,3.0,3.0,4.5,4.5,6.0,3.0,4.5,5.0,3.0,8.0,2.0,5.0,3.0,8.0,4.5,5.0,5.0,8.0,6.0,4.5,3.0,5.0,4.5,4.5,3.0,5.0,1.0,4.5,6.0,5.0,8.0,3.0,5.0,1.0,6.0,3.0,3.0,1.0,6.0,3.0,3.0,1.0,4.0,3.0,3.0,3.0,4.5,3.0,3.0,3.0,2.0,3.0,6.0,3.0,1.0,4.5,4.0,3.0,4.0,4.5,3.0,3.0,4.5,4.5,3.0,3.0,7.0,3.0,3.0,5.0,4.5,3.0,3.0,5.0,1.0,3.0,6.0,5.0,8.0,6.0,5.0,6.0,6.0,6.0,3.0,6.0,4.5,6.0,5.0,6.0,8.0,3.0,3.0,3.0,2.0,3.0,3.0,3.0,2.0,3.0,6.0,3.0,1.0,6.0,3.0,7.0,3.0,6.0,3.0,7.0,4.5,6.0,5.0,7.0,4.0,3.0,3.0,5.0,1.0,3.0,3.0,5.0,1.0,3.0,3.0,5.0,1.0,3.0,3.0,4.0,1.0,3.0,3.0,4.0,1.0,3.0,4.0,4.0,7.0
1,boiling_rabbit,4.5,3.0,3.0,4.5,4.5,3.0,3.0,4.5,4.5,6.0,3.0,4.5,5.0,3.0,1.0,8.0,5.0,3.0,1.0,4.5,5.0,5.0,1.0,5.0,4.5,3.0,4.0,4.5,4.5,3.0,4.0,2.0,4.5,6.0,4.0,7.0,3.0,5.0,2.0,2.0,3.0,3.0,2.0,6.0,3.0,3.0,2.0,1.0,3.0,3.0,3.0,4.5,3.0,3.0,3.0,1.0,3.0,6.0,3.0,2.0,4.5,4.0,6.0,8.0,4.5,3.0,6.0,4.5,4.5,3.0,6.0,5.0,3.0,3.0,4.0,4.5,3.0,3.0,4.0,2.0,3.0,6.0,4.0,7.0,6.0,5.0,4.0,1.0,6.0,3.0,4.0,4.5,6.0,5.0,4.0,2.0,3.0,3.0,3.0,1.0,3.0,3.0,3.0,1.0,3.0,6.0,3.0,2.0,6.0,3.0,8.0,1.0,6.0,3.0,8.0,4.5,6.0,5.0,8.0,7.0,3.0,3.0,4.0,2.0,3.0,3.0,4.0,2.0,3.0,3.0,4.0,2.0,3.0,3.0,1.0,2.0,3.0,3.0,1.0,5.0,3.0,4.0,1.0,1.0
1,boiling_pear,4.5,3.0,3.0,4.5,4.5,3.0,3.0,4.5,4.5,6.0,3.0,4.5,5.0,3.0,4.0,6.0,5.0,3.0,4.0,4.5,5.0,5.0,4.0,2.0,4.5,3.0,2.5,4.5,4.5,3.0,2.5,6.5,4.5,6.0,2.5,3.5,3.0,5.0,6.0,3.0,3.0,3.0,6.0,2.0,3.0,3.0,6.0,7.0,3.0,3.0,3.0,4.5,3.0,3.0,3.0,7.0,3.0,6.0,3.0,7.0,4.5,4.0,4.0,3.0,4.5,3.0,4.0,4.5,4.5,3.0,4.0,1.0,3.0,3.0,2.5,4.5,3.0,3.0,2.5,6.5,3.0,6.0,2.5,3.5,6.0,5.0,8.0,7.0,6.0,3.0,8.0,4.5,6.0,5.0,8.0,5.0,3.0,3.0,3.0,7.0,3.0,3.0,3.0,7.0,3.0,6.0,3.0,7.0,6.0,3.0,2.0,7.0,6.0,3.0,2.0,4.5,6.0,5.0,2.0,5.0,3.0,3.0,2.5,4.5,3.0,3.0,2.5,6.5,3.0,3.0,2.5,7.5,3.0,3.0,3.0,5.0,3.0,3.0,3.0,5.0,3.0,4.0,3.0,6.0
1,boiling_juice,4.5,7.0,6.5,4.5,4.5,7.0,6.5,4.5,4.5,2.0,6.5,4.5,8.0,6.0,6.0,4.0,8.0,7.0,6.0,4.5,8.0,8.0,6.0,8.0,4.5,7.0,6.0,4.5,4.5,8.0,6.0,5.0,4.5,3.0,6.0,5.5,6.0,8.0,7.0,7.0,6.0,7.5,7.0,6.0,6.0,8.0,7.0,6.0,6.5,7.0,6.5,4.5,6.5,6.5,6.5,3.5,6.5,2.5,6.5,4.5,4.5,8.0,8.0,7.0,4.5,6.5,8.0,4.5,4.5,7.0,8.0,6.0,6.0,7.0,6.0,4.5,6.0,8.0,6.0,5.0,6.0,2.0,6.0,3.5,3.0,8.0,2.0,8.0,3.0,7.0,2.0,4.5,3.0,1.0,2.0,1.0,6.5,7.5,6.5,4.5,6.5,7.5,6.5,4.5,6.5,2.5,6.5,4.5,2.0,6.0,6.0,2.0,2.0,7.0,6.0,4.5,2.0,2.0,6.0,2.0,6.0,7.5,6.0,7.0,6.0,8.0,6.0,5.0,6.0,8.0,6.0,5.0,6.0,8.0,6.0,8.0,6.0,7.0,6.0,5.0,6.0,8.0,6.0,5.0
1,pouring_water,4.5,7.0,6.5,4.5,4.5,7.0,6.5,4.5,4.5,2.0,6.5,4.5,7.0,1.0,5.0,1.0,7.0,7.0,5.0,4.5,7.0,8.0,5.0,6.0,4.5,7.0,7.0,4.5,4.5,7.0,7.0,4.0,4.5,2.0,7.0,2.0,2.0,7.0,5.0,6.0,2.0,7.0,5.0,4.5,2.0,7.0,5.0,5.0,6.5,7.0,6.5,4.5,6.5,6.5,6.5,3.5,6.5,2.5,6.5,4.5,7.0,8.0,4.0,8.0,7.0,8.0,4.0,8.0,7.0,8.0,4.0,8.0,7.0,7.0,7.0,4.5,7.0,7.0,7.0,4.0,7.0,1.0,7.0,1.0,2.0,2.0,4.0,3.0,2.0,8.0,4.0,4.0,2.0,7.0,4.0,3.0,6.5,7.5,6.5,4.5,6.5,7.5,6.5,4.5,6.5,2.5,6.5,4.5,2.0,1.0,7.0,1.0,2.0,8.0,7.0,6.0,2.0,8.0,7.0,8.0,7.0,7.5,7.0,7.0,7.0,7.0,7.0,4.0,7.0,7.0,7.0,5.0,7.0,8.0,3.0,7.0,7.0,7.0,3.0,4.5,7.0,1.0,3.0,3.0
1,pouring_apple,4.5,3.0,3.0,4.5,4.5,3.0,3.0,4.5,4.5,6.0,3.0,4.5,3.0,5.0,4.0,6.0,3.0,3.0,4.0,4.5,3.0,4.0,4.0,8.0,4.5,3.0,1.0,4.5,4.5,3.0,1.0,8.0,4.5,6.0,1.0,5.5,6.0,4.0,6.0,1.0,6.0,3.0,6.0,4.5,6.0,3.0,6.0,8.0,3.0,3.0,3.0,4.5,3.0,3.0,3.0,7.0,3.0,6.0,3.0,7.0,3.0,4.0,1.0,6.0,3.0,3.0,1.0,4.0,3.0,3.0,1.0,2.0,3.0,3.0,1.0,4.5,3.0,3.0,1.0,8.0,3.0,6.0,1.0,3.5,6.0,6.0,5.0,1.0,6.0,3.0,5.0,4.0,6.0,4.0,5.0,6.0,3.0,3.0,3.0,7.0,3.0,3.0,3.0,7.0,3.0,6.0,3.0,7.0,6.0,6.0,6.0,7.0,6.0,3.0,6.0,6.0,6.0,4.0,6.0,6.0,3.0,3.0,1.0,7.0,3.0,3.0,1.0,8.0,3.0,3.0,1.0,5.0,3.0,3.0,7.0,3.0,3.0,3.0,7.0,4.5,3.0,4.0,7.0,8.0
1,pouring_peach,4.5,3.0,3.0,4.5,4.5,3.0,3.0,4.5,4.5,6.0,3.0,4.5,3.0,5.0,6.0,5.0,3.0,3.0,6.0,4.5,3.0,4.0,6.0,2.0,4.5,3.0,2.5,4.5,4.5,3.0,2.5,6.5,4.5,6.0,2.5,3.5,6.0,4.0,2.0,2.0,6.0,3.0,2.0,4.5,6.0,3.0,2.0,2.0,3.0,3.0,3.0,4.5,3.0,3.0,3.0,7.0,3.0,6.0,3.0,7.0,3.0,4.0,7.0,2.0,3.0,3.0,7.0,4.0,3.0,3.0,7.0,3.0,3.0,3.0,2.5,4.5,3.0,3.0,2.5,6.5,3.0,6.0,2.5,3.5,6.0,6.0,8.0,8.0,6.0,3.0,8.0,7.0,6.0,4.0,8.0,5.0,3.0,3.0,3.0,7.0,3.0,3.0,3.0,7.0,3.0,6.0,3.0,7.0,6.0,6.0,3.0,6.0,6.0,3.0,3.0,6.0,6.0,4.0,3.0,1.0,3.0,3.0,2.5,4.5,3.0,3.0,2.5,6.5,3.0,3.0,2.5,7.5,3.0,3.0,6.0,8.0,3.0,3.0,6.0,4.5,3.0,4.0,6.0,2.0
1,pouring_beer,4.5,7.0,8.0,4.5,4.5,7.0,8.0,4.5,4.5,2.0,8.0,4.5,7.0,2.0,2.0,4.0,7.0,7.0,2.0,4.5,7.0,7.0,2.0,5.0,4.5,7.0,8.0,4.5,4.5,6.0,8.0,3.0,4.5,1.0,8.0,1.0,1.0,8.0,8.0,7.0,1.0,7.0,8.0,4.5,1.0,6.0,8.0,3.0,8.0,7.0,8.0,4.5,8.0,8.0,8.0,5.0,8.0,1.0,8.0,3.0,6.0,1.0,8.0,1.0,6.0,6.5,8.0,4.0,6.0,6.0,8.0,4.0,8.0,7.0,8.0,4.5,8.0,6.0,8.0,3.0,8.0,3.0,8.0,6.0,1.0,1.0,2.0,2.0,1.0,6.5,2.0,1.5,1.0,1.0,2.0,2.0,8.0,6.0,8.0,3.0,8.0,6.0,8.0,3.0,8.0,1.0,8.0,3.0,3.0,3.0,4.0,3.0,3.0,6.5,4.0,2.0,3.0,1.0,4.0,3.0,8.0,6.0,8.0,3.0,8.0,6.0,8.0,3.0,8.0,6.0,8.0,3.0,8.0,7.0,1.0,4.0,8.0,7.0,1.0,4.5,8.0,7.0,1.0,4.0
1,pouring_deer,4.5,3.0,3.0,4.5,4.5,3.0,3.0,4.5,4.5,6.0,3.0,4.5,3.0,5.0,8.0,8.0,3.0,3.0,8.0,4.5,3.0,4.0,8.0,3.0,4.5,3.0,5.0,4.5,4.5,3.0,5.0,1.0,4.5,6.0,5.0,8.0,6.0,4.0,1.0,4.0,6.0,3.0,1.0,4.5,6.0,3.0,1.0,4.0,3.0,3.0,3.0,4.5,3.0,3.0,3.0,2.0,3.0,6.0,3.0,1.0,3.0,4.0,6.0,3.0,3.0,3.0,6.0,4.0,3.0,3.0,6.0,7.0,3.0,3.0,5.0,4.5,3.0,3.0,5.0,1.0,3.0,6.0,5.0,8.0,6.0,6.0,7.0,7.0,6.0,3.0,7.0,7.0,6.0,4.0,7.0,1.0,3.0,3.0,3.0,2.0,3.0,3.0,3.0,2.0,3.0,6.0,3.0,1.0,6.0,6.0,2.0,5.0,6.0,3.0,2.0,6.0,6.0,4.0,2.0,5.0,3.0,3.0,5.0,1.0,3.0,3.0,5.0,1.0,3.0,3.0,5.0,1.0,3.0,3.0,4.0,1.0,3.0,3.0,4.0,4.5,3.0,4.0,4.0,7.0
1,pouring_rabbit,4.5,3.0,3.0,4.5,4.5,3.0,3.0,4.5,4.5,6.0,3.0,4.5,3.0,5.0,1.0,2.0,3.0,3.0,1.0,4.5,3.0,4.0,1.0,4.0,4.5,3.0,4.0,4.5,4.5,3.0,4.0,2.0,4.5,6.0,4.0,7.0,6.0,4.0,3.0,5.0,6.0,3.0,3.0,4.5,6.0,3.0,3.0,1.0,3.0,3.0,3.0,4.5,3.0,3.0,3.0,1.0,3.0,6.0,3.0,2.0,3.0,4.0,5.0,5.0,3.0,3.0,5.0,4.0,3.0,3.0,5.0,5.0,3.0,3.0,4.0,4.5,3.0,3.0,4.0,2.0,3.0,6.0,4.0,7.0,6.0,6.0,1.0,6.0,6.0,3.0,1.0,7.0,6.0,4.0,1.0,7.0,3.0,3.0,3.0,1.0,3.0,3.0,3.0,1.0,3.0,6.0,3.0,2.0,6.0,6.0,1.0,4.0,6.0,3.0,1.0,2.0,6.0,4.0,1.0,2.0,3.0,3.0,4.0,2.0,3.0,3.0,4.0,2.0,3.0,3.0,4.0,2.0,3.0,3.0,5.0,5.0,3.0,3.0,5.0,4.5,3.0,4.0,5.0,1.0
1,pouring_pear,4.5,3.0,3.0,4.5,4.5,3.0,3.0,4.5,4.5,6.0,3.0,4.5,3.0,5.0,3.0,3.0,3.0,3.0,3.0,4.5,3.0,4.0,3.0,7.0,4.5,3.0,2.5,4.5,4.5,3.0,2.5,6.5,4.5,6.0,2.5,3.5,6.0,4.0,4.0,8.0,6.0,3.0,4.0,4.5,6.0,3.0,4.0,7.0,3.0,3.0,3.0,4.5,3.0,3.0,3.0,7.0,3.0,6.0,3.0,7.0,3.0,4.0,2.0,4.0,3.0,3.0,2.0,4.0,3.0,3.0,2.0,1.0,3.0,3.0,2.5,4.5,3.0,3.0,2.5,6.5,3.0,6.0,2.5,3.5,6.0,6.0,6.0,4.0,6.0,3.0,6.0,4.0,6.0,4.0,6.0,4.0,3.0,3.0,3.0,7.0,3.0,3.0,3.0,7.0,3.0,6.0,3.0,7.0,6.0,6.0,5.0,8.0,6.0,3.0,5.0,6.0,6.0,4.0,5.0,4.0,3.0,3.0,2.5,4.5,3.0,3.0,2.5,6.5,3.0,3.0,2.5,7.5,3.0,3.0,8.0,6.0,3.0,3.0,8.0,4.5,3.0,4.0,8.0,6.0
1,pouring_juice,4.5,7.0,6.5,4.5,4.5,7.0,6.5,4.5,4.5,2.0,6.5,4.5,7.0,8.0,7.0,7.0,7.0,7.0,7.0,4.5,7.0,1.0,7.0,1.0,4.5,7.0,6.0,4.5,4.5,8.0,6.0,5.0,4.5,3.0,6.0,5.5,3.0,1.0,7.0,3.0,3.0,7.0,7.0,4.5,3.0,8.0,7.0,6.0,6.5,7.0,6.5,4.5,6.5,6.5,6.5,3.5,6.5,2.5,6.5,4.5,8.0,7.0,3.0,7.0,8.0,6.5,3.0,4.0,8.0,7.0,3.0,6.0,6.0,7.0,6.0,4.5,6.0,8.0,6.0,5.0,6.0,2.0,6.0,3.5,3.0,3.0,3.0,5.0,3.0,6.5,3.0,1.5,3.0,8.0,3.0,8.0,6.5,7.5,6.5,4.5,6.5,7.5,6.5,4.5,6.5,2.5,6.5,4.5,1.0,2.0,8.0,2.0,1.0,6.5,8.0,2.0,1.0,7.0,8.0,7.0,6.0,7.5,6.0,7.0,6.0,8.0,6.0,5.0,6.0,8.0,6.0,5.0,6.0,6.0,2.0,2.0,6.0,7.0,2.0,4.5,6.0,8.0,2.0,5.0
1,drinking_water,4.5,7.0,7.5,4.5,4.5,7.0,7.5,4.5,4.5,2.0,7.5,4.5,6.0,1.0,1.0,1.0,6.0,7.0,1.0,4.5,6.0,8.0,1.0,6.0,4.5,7.0,7.0,4.5,4.5,7.0,7.0,4.0,4.5,1.0,7.0,1.0,7.0,1.0,1.0,2.0,7.0,6.0,1.0,1.5,7.0,2.0,1.0,4.0,7.5,7.0,7.5,4.5,7.5,6.5,7.5,3.5,7.5,2.5,7.5,4.5,1.0,1.0,7.0,2.0,1.0,6.5,7.0,4.0,1.0,1.0,7.0,1.0,7.0,7.0,7.0,4.5,7.0,7.0,7.0,4.0,7.0,1.0,7.0,1.0,8.0,1.0,7.0,1.0,8.0,6.0,7.0,1.5,8.0,2.0,7.0,6.0,7.5,7.5,7.5,4.5,7.5,7.5,7.5,4.5,7.5,2.5,7.5,4.5,7.0,3.0,2.0,3.0,7.0,6.0,2.0,1.0,7.0,1.0,2.0,1.0,7.0,7.5,7.0,7.0,7.0,7.0,7.0,4.0,7.0,7.0,7.0,4.0,2.0,8.0,6.0,7.0,2.0,7.0,6.0,4.5,2.0,1.0,6.0,3.0
1,drinking_apple,4.5,3.0,3.0,4.5,4.5,3.0,3.0,4.5,4.5,6.0,3.0,4.5,3.0,5.0,2.0,7.0,3.0,3.0,2.0,4.5,3.0,4.0,2.0,8.0,4.5,3.0,1.0,4.5,4.5,3.0,1.0,8.0,4.5,6.0,1.0,2.5,3.0,4.0,8.0,5.0,3.0,3.0,8.0,5.5,3.0,6.0,8.0,1.0,3.0,3.0,3.0,4.5,3.0,3.0,3.0,7.0,3.0,6.0,3.0,7.0,5.0,4.0,6.0,1.0,5.0,3.0,6.0,4.0,5.0,6.0,6.0,7.0,3.0,3.0,1.0,4.5,3.0,3.0,1.0,8.0,3.0,6.0,1.0,2.5,4.0,5.0,2.0,3.0,4.0,3.0,2.0,4.0,4.0,5.0,2.0,3.0,3.0,3.0,3.0,7.0,3.0,3.0,3.0,7.0,3.0,6.0,3.0,7.0,3.0,6.0,6.0,8.0,3.0,3.0,6.0,5.0,3.0,5.0,6.0,3.0,3.0,3.0,1.0,7.0,3.0,3.0,1.0,8.0,3.0,3.0,1.0,6.5,6.0,5.0,2.0,6.0,6.0,3.0,2.0,4.5,6.0,4.0,2.0,8.0
1,drinking_peach,4.5,3.0,3.0,4.5,4.5,3.0,3.0,4.5,4.5,6.0,3.0,4.5,3.0,5.0,5.0,6.0,3.0,3.0,5.0,4.5,3.0,4.0,5.0,2.0,4.5,3.0,2.5,4.5,4.5,3.0,2.5,6.5,4.5,6.0,2.5,5.0,3.0,4.0,6.0,1.0,3.0,3.0,6.0,1.5,3.0,6.0,6.0,7.0,3.0,3.0,3.0,4.5,3.0,3.0,3.0,7.0,3.0,6.0,3.0,7.0,5.0,4.0,4.0,8.0,5.0,3.0,4.0,4.0,5.0,6.0,4.0,6.0,3.0,3.0,2.5,4.5,3.0,3.0,2.5,6.5,3.0,6.0,2.5,4.5,4.0,5.0,6.0,4.0,4.0,3.0,6.0,4.0,4.0,5.0,6.0,4.0,3.0,3.0,3.0,7.0,3.0,3.0,3.0,7.0,3.0,6.0,3.0,7.0,3.0,6.0,1.0,6.0,3.0,3.0,1.0,5.0,3.0,5.0,1.0,8.0,3.0,3.0,2.5,4.5,3.0,3.0,2.5,6.5,3.0,3.0,2.5,6.5,6.0,5.0,8.0,4.0,6.0,3.0,8.0,4.5,6.0,4.0,8.0,2.0
1,drinking_beer,4.5,7.0,6.0,4.5,4.5,7.0,6.0,4.5,4.5,2.0,6.0,4.5,7.0,8.0,3.0,4.0,7.0,7.0,3.0,4.5,7.0,7.0,3.0,5.0,4.5,7.0,8.0,4.5,4.5,6.0,8.0,3.0,4.5,3.0,8.0,5.0,8.0,8.0,4.0,8.0,8.0,7.5,4.0,5.5,8.0,3.0,4.0,6.0,6.0,7.0,6.0,4.5,6.0,8.0,6.0,5.0,6.0,1.0,6.0,3.0,8.0,7.0,1.0,6.0,8.0,8.0,1.0,8.0,8.0,3.0,1.0,5.0,8.0,7.0,8.0,4.5,8.0,6.0,8.0,3.0,8.0,3.0,8.0,6.0,1.0,8.0,1.0,8.0,1.0,8.0,1.0,7.0,1.0,8.0,1.0,7.0,6.0,6.0,6.0,3.0,6.0,6.0,6.0,3.0,6.0,1.0,6.0,3.0,8.0,1.0,5.0,1.0,8.0,7.5,5.0,5.0,8.0,8.0,5.0,6.0,8.0,6.0,8.0,3.0,8.0,6.0,8.0,3.0,8.0,6.0,8.0,3.0,1.0,2.0,5.0,3.0,1.0,7.0,5.0,4.5,1.0,7.0,5.0,4.0
1,drinking_deer,4.5,3.0,3.0,4.5,4.5,3.0,3.0,4.5,4.5,6.0,3.0,4.5,3.0,5.0,7.0,3.0,3.0,3.0,7.0,4.5,3.0,4.0,7.0,3.0,4.5,3.0,5.0,4.5,4.5,3.0,5.0,1.0,4.5,6.0,5.0,8.0,3.0,4.0,2.0,4.0,3.0,3.0,2.0,5.5,3.0,6.0,2.0,5.0,3.0,3.0,3.0,4.5,3.0,3.0,3.0,2.0,3.0,6.0,3.0,1.0,5.0,4.0,3.0,3.0,5.0,3.0,3.0,4.0,5.0,6.0,3.0,2.0,3.0,3.0,5.0,4.5,3.0,3.0,5.0,1.0,3.0,6.0,5.0,8.0,4.0,5.0,5.0,5.0,4.0,3.0,5.0,7.0,4.0,5.0,5.0,8.0,3.0,3.0,3.0,2.0,3.0,3.0,3.0,2.0,3.0,6.0,3.0,1.0,3.0,6.0,8.0,5.0,3.0,3.0,8.0,5.0,3.0,5.0,8.0,4.0,3.0,3.0,5.0,1.0,3.0,3.0,5.0,1.0,3.0,3.0,5.0,1.0,6.0,5.0,7.0,1.0,6.0,3.0,7.0,4.5,6.0,4.0,7.0,7.0
1,drinking_rabbit,4.5,3.0,3.0,4.5,4.5,3.0,3.0,4.5,4.5,6.0,3.0,4.5,3.0,5.0,4.0,5.0,3.0,3.0,4.0,4.5,3.0,4.0,4.0,4.0,4.5,3.0,4.0,4.5,4.5,3.0,4.0,2.0,4.5,6.0,4.0,7.0,3.0,4.0,3.0,6.0,3.0,3.0,3.0,5.5,3.0,6.0,3.0,8.0,3.0,3.0,3.0,4.5,3.0,3.0,3.0,1.0,3.0,6.0,3.0,2.0,5.0,4.0,2.0,4.0,5.0,3.0,2.0,4.0,5.0,6.0,2.0,4.0,3.0,3.0,4.0,4.5,3.0,3.0,4.0,2.0,3.0,6.0,4.0,7.0,4.0,5.0,3.0,6.0,4.0,3.0,3.0,7.0,4.0,5.0,3.0,2.0,3.0,3.0,3.0,1.0,3.0,3.0,3.0,1.0,3.0,6.0,3.0,2.0,3.0,6.0,3.0,4.0,3.0,3.0,3.0,5.0,3.0,5.0,3.0,7.0,3.0,3.0,4.0,2.0,3.0,3.0,4.0,2.0,3.0,3.0,4.0,2.0,6.0,5.0,3.0,5.0,6.0,3.0,3.0,4.5,6.0,4.0,3.0,1.0
1,drinking_pear,4.5,3.0,3.0,4.5,4.5,3.0,3.0,4.5,4.5,6.0,3.0,4.5,3.0,5.0,8.0,8.0,3.0,3.0,8.0,4.5,3.0,4.0,8.0,7.0,4.5,3.0,2.5,4.5,4.5,3.0,2.5,6.5,4.5,6.0,2.5,5.0,3.0,4.0,7.0,3.0,3.0,3.0,7.0,5.5,3.0,6.0,7.0,2.0,3.0,3.0,3.0,4.5,3.0,3.0,3.0,7.0,3.0,6.0,3.0,7.0,5.0,4.0,5.0,5.0,5.0,3.0,5.0,4.0,5.0,6.0,5.0,8.0,3.0,3.0,2.5,4.5,3.0,3.0,2.5,6.5,3.0,6.0,2.5,4.5,4.0,5.0,4.0,7.0,4.0,3.0,4.0,1.5,4.0,5.0,4.0,5.0,3.0,3.0,3.0,7.0,3.0,3.0,3.0,7.0,3.0,6.0,3.0,7.0,3.0,6.0,4.0,7.0,3.0,3.0,4.0,5.0,3.0,5.0,4.0,5.0,3.0,3.0,2.5,4.5,3.0,3.0,2.5,6.5,3.0,3.0,2.5,6.5,6.0,5.0,1.0,8.0,6.0,3.0,1.0,4.5,6.0,4.0,1.0,6.0
1,drinking_juice,4.5,7.0,7.5,4.5,4.5,7.0,7.5,4.5,4.5,2.0,7.5,4.5,8.0,2.0,6.0,2.0,8.0,7.0,6.0,4.5,8.0,1.0,6.0,1.0,4.5,7.0,6.0,4.5,4.5,8.0,6.0,5.0,4.5,2.0,6.0,2.5,6.0,7.0,5.0,7.0,6.0,7.5,5.0,5.5,6.0,1.0,5.0,3.0,7.5,7.0,7.5,4.5,7.5,6.5,7.5,3.5,7.5,2.5,7.5,4.5,2.0,8.0,8.0,7.0,2.0,6.5,8.0,4.0,2.0,2.0,8.0,3.0,6.0,7.0,6.0,4.5,6.0,8.0,6.0,5.0,6.0,2.0,6.0,2.5,7.0,2.0,8.0,2.0,7.0,7.0,8.0,4.0,7.0,1.0,8.0,1.0,7.5,7.5,7.5,4.5,7.5,7.5,7.5,4.5,7.5,2.5,7.5,4.5,6.0,2.0,7.0,2.0,6.0,7.5,7.0,5.0,6.0,2.0,7.0,2.0,6.0,7.5,6.0,7.0,6.0,8.0,6.0,5.0,6.0,8.0,6.0,6.5,3.0,1.0,4.0,2.0,3.0,7.0,4.0,4.5,3.0,8.0,4.0,5.0
1,washing_water,4.5,2.0,2.5,4.5,4.5,2.0,2.5,4.5,4.5,7.0,2.5,4.5,2.0,6.0,1.0,7.0,2.0,2.0,1.0,4.5,2.0,6.0,1.0,3.0,4.5,2.0,2.0,6.0,4.5,2.0,2.0,4.0,4.5,2.0,2.0,3.0,5.0,3.0,3.0,3.0,5.0,2.0,3.0,4.5,5.0,5.0,3.0,4.0,2.5,2.0,2.5,4.5,2.5,2.0,2.5,3.5,2.5,7.0,2.5,4.5,4.0,4.0,8.0,1.0,4.0,2.0,8.0,4.0,4.0,4.0,8.0,1.0,2.0,2.0,2.0,4.5,2.0,2.0,2.0,4.0,2.0,7.0,2.0,3.0,4.0,4.0,2.0,6.0,4.0,2.0,2.0,4.5,4.0,6.0,2.0,6.0,2.5,2.0,3.0,4.5,2.5,2.0,3.0,4.5,2.5,7.0,3.0,4.5,7.0,5.0,7.0,6.0,7.0,2.0,7.0,5.0,7.0,2.0,7.0,1.0,2.0,2.0,2.0,6.0,2.0,2.0,2.0,7.0,2.0,2.0,2.0,4.0,3.0,5.0,2.0,7.0,3.0,2.0,2.0,4.5,3.0,4.0,2.0,3.0
1,washing_apple,4.5,6.0,7.0,4.5,4.5,6.0,7.0,4.5,4.5,3.0,7.0,4.5,7.0,1.0,5.0,1.0,7.0,6.0,5.0,4.5,7.0,1.0,5.0,1.0,4.5,7.5,4.0,6.0,4.5,8.0,4.0,8.0,4.5,7.0,4.0,5.5,7.0,5.0,4.0,4.0,7.0,6.0,4.0,4.5,7.0,1.0,4.0,1.0,7.0,6.0,7.0,4.5,7.0,7.0,7.0,7.0,7.0,4.0,7.0,7.0,7.0,1.0,5.0,2.0,7.0,6.0,5.0,4.0,7.0,7.0,5.0,7.0,4.0,6.0,4.0,4.5,4.0,8.0,4.0,8.0,4.0,3.0,4.0,4.5,7.0,8.0,4.0,8.0,7.0,5.5,4.0,4.5,7.0,2.0,4.0,3.0,7.0,7.0,7.0,7.0,7.0,7.0,7.0,7.0,7.0,4.0,7.0,7.0,3.5,1.0,4.0,1.0,3.5,6.5,4.0,5.0,3.5,4.0,4.0,3.0,4.0,8.0,4.0,6.0,4.0,5.0,4.0,2.0,4.0,8.0,4.0,7.5,5.0,3.0,5.0,5.0,5.0,6.0,5.0,4.5,5.0,8.0,5.0,8.0
1,washing_peach,4.5,6.0,7.0,4.5,4.5,6.0,7.0,4.5,4.5,3.0,7.0,4.5,5.0,3.0,4.0,3.0,5.0,6.0,4.0,4.5,5.0,8.0,4.0,7.0,4.5,5.0,7.5,2.0,4.5,6.5,7.5,6.5,4.5,4.5,7.5,1.5,1.0,6.0,8.0,5.0,1.0,6.0,8.0,4.5,1.0,7.0,8.0,7.0,7.0,6.0,7.0,4.5,7.0,7.0,7.0,7.0,7.0,4.0,7.0,7.0,8.0,8.0,4.0,6.0,8.0,6.0,4.0,4.0,8.0,6.0,4.0,6.0,7.5,6.0,7.5,4.5,7.5,6.5,7.5,6.5,7.5,1.5,7.5,1.5,1.0,1.0,1.0,1.0,1.0,5.5,1.0,4.5,1.0,3.0,1.0,4.0,7.0,7.0,7.0,7.0,7.0,7.0,7.0,7.0,7.0,4.0,7.0,7.0,3.5,8.0,3.0,5.0,3.5,6.5,3.0,5.0,3.5,8.0,3.0,8.0,7.5,6.5,7.5,6.0,7.5,7.5,7.5,4.5,7.5,6.5,7.5,5.5,7.5,7.0,4.0,6.0,7.5,6.0,4.0,4.5,7.5,2.0,4.0,2.0
1,washing_beer,4.5,2.0,2.5,4.5,4.5,2.0,2.5,4.5,4.5,7.0,2.5,4.5,2.0,6.0,3.0,6.0,2.0,2.0,3.0,4.5,2.0,6.0,3.0,4.0,4.5,2.0,3.0,6.0,4.5,2.0,3.0,3.0,4.5,2.0,3.0,8.0,5.0,3.0,1.0,2.0,5.0,2.0,1.0,4.5,5.0,5.0,1.0,6.0,2.5,2.0,2.5,4.5,2.5,2.0,2.5,5.0,2.5,7.0,2.5,3.0,4.0,4.0,7.0,8.0,4.0,2.0,7.0,8.0,4.0,4.0,7.0,5.0,2.0,2.0,3.0,4.5,2.0,2.0,3.0,3.0,2.0,7.0,3.0,6.0,4.0,4.0,3.0,4.0,4.0,2.0,3.0,1.0,4.0,6.0,3.0,7.0,2.5,2.0,1.0,3.0,2.5,2.0,1.0,3.0,2.5,7.0,1.0,3.0,7.0,5.0,5.0,8.0,7.0,2.0,5.0,5.0,7.0,2.0,5.0,6.0,2.0,2.0,3.0,3.0,2.0,2.0,3.0,8.0,2.0,2.0,3.0,3.0,3.0,5.0,7.0,3.0,3.0,2.0,7.0,4.5,3.0,4.0,7.0,4.0
1,washing_deer,4.5,6.0,2.5,4.5,4.5,6.0,2.5,4.5,4.5,3.0,2.5,4.5,5.0,8.0,6.0,8.0,5.0,6.0,6.0,4.5,5.0,4.0,6.0,6.0,4.5,5.0,6.0,2.0,4.5,4.0,6.0,1.0,4.5,8.0,6.0,7.0,8.0,1.0,2.0,1.0,8.0,6.0,2.0,4.5,8.0,3.0,2.0,5.0,2.5,6.0,2.5,4.5,2.5,5.0,2.5,2.0,2.5,1.0,2.5,1.0,2.0,2.0,6.0,3.0,2.0,6.0,6.0,4.0,2.0,1.0,6.0,2.0,6.0,6.0,6.0,4.5,6.0,4.0,6.0,1.0,6.0,5.0,6.0,8.0,6.0,2.0,6.0,3.0,6.0,8.0,6.0,8.0,6.0,8.0,6.0,8.0,2.5,5.0,3.0,2.0,2.5,5.0,3.0,2.0,2.5,1.0,3.0,1.0,1.0,3.0,6.0,3.0,1.0,6.5,6.0,5.0,1.0,5.0,6.0,4.0,6.0,4.0,6.0,1.0,6.0,4.0,6.0,1.0,6.0,4.0,6.0,1.0,6.0,2.0,8.0,2.0,6.0,6.0,8.0,4.5,6.0,7.0,8.0,7.0
1,washing_rabbit,4.5,6.0,5.0,4.5,4.5,6.0,5.0,4.5,4.5,3.0,5.0,4.5,5.0,2.0,7.0,2.0,5.0,6.0,7.0,4.5,5.0,3.0,7.0,5.0,4.5,7.5,5.0,6.0,4.5,5.0,5.0,2.0,4.5,6.0,5.0,4.0,3.0,7.0,6.0,6.0,3.0,6.0,6.0,4.5,3.0,8.0,6.0,8.0,5.0,6.0,5.0,4.5,5.0,4.0,5.0,1.0,5.0,2.0,5.0,2.0,6.0,7.0,1.0,5.0,6.0,6.0,1.0,4.0,6.0,2.0,1.0,4.0,5.0,6.0,5.0,4.5,5.0,5.0,5.0,2.0,5.0,4.0,5.0,7.0,2.0,6.0,5.0,5.0,2.0,5.5,5.0,4.5,2.0,1.0,5.0,2.0,5.0,4.0,5.0,1.0,5.0,4.0,5.0,1.0,5.0,2.0,5.0,2.0,2.0,7.0,8.0,4.0,2.0,4.0,8.0,1.0,2.0,7.0,8.0,7.0,5.0,5.0,5.0,2.0,5.0,6.0,5.0,3.0,5.0,5.0,5.0,2.0,1.0,8.0,1.0,8.0,1.0,6.0,1.0,4.5,1.0,1.0,1.0,1.0
1,washing_pear,4.5,6.0,7.0,4.5,4.5,6.0,7.0,4.5,4.5,3.0,7.0,4.5,8.0,4.0,8.0,4.0,8.0,6.0,8.0,4.5,8.0,2.0,8.0,2.0,4.5,5.0,7.5,2.0,4.5,6.5,7.5,6.5,4.5,4.5,7.5,1.5,2.0,8.0,7.0,8.0,2.0,6.0,7.0,4.5,2.0,2.0,7.0,2.0,7.0,6.0,7.0,4.5,7.0,7.0,7.0,7.0,7.0,4.0,7.0,7.0,1.0,6.0,3.0,4.0,1.0,6.0,3.0,4.0,1.0,8.0,3.0,8.0,7.5,6.0,7.5,4.5,7.5,6.5,7.5,6.5,7.5,1.5,7.5,1.5,8.0,7.0,7.0,7.0,8.0,5.5,7.0,4.5,8.0,4.0,7.0,5.0,7.0,7.0,7.0,7.0,7.0,7.0,7.0,7.0,7.0,4.0,7.0,7.0,5.0,2.0,2.0,2.0,5.0,6.5,2.0,5.0,5.0,6.0,2.0,5.0,7.5,6.5,7.5,6.0,7.5,7.5,7.5,4.5,7.5,6.5,7.5,5.5,7.5,1.0,6.0,1.0,7.5,6.0,6.0,4.5,7.5,6.0,6.0,6.0
1,washing_juice,4.5,2.0,2.5,4.5,4.5,2.0,2.5,4.5,4.5,7.0,2.5,4.5,2.0,6.0,2.0,5.0,2.0,2.0,2.0,4.5,2.0,6.0,2.0,8.0,4.5,2.0,1.0,6.0,4.5,2.0,1.0,5.0,4.5,2.0,1.0,5.5,5.0,3.0,5.0,7.0,5.0,2.0,5.0,4.5,5.0,5.0,5.0,3.0,2.5,2.0,2.5,4.5,2.5,2.0,2.5,3.5,2.5,7.0,2.5,4.5,4.0,4.0,2.0,7.0,4.0,2.0,2.0,4.0,4.0,4.0,2.0,3.0,2.0,2.0,1.0,4.5,2.0,2.0,1.0,5.0,2.0,7.0,1.0,4.5,4.0,4.0,8.0,2.0,4.0,2.0,8.0,4.5,4.0,6.0,8.0,1.0,2.5,2.0,3.0,4.5,2.5,2.0,3.0,4.5,2.5,7.0,3.0,4.5,7.0,5.0,1.0,7.0,7.0,2.0,1.0,5.0,7.0,2.0,1.0,2.0,2.0,2.0,1.0,6.0,2.0,2.0,1.0,6.0,2.0,2.0,1.0,7.5,3.0,5.0,3.0,4.0,3.0,2.0,3.0,4.5,3.0,4.0,3.0,5.0
1,peeling_water,4.5,3.0,3.0,4.5,4.5,3.0,3.0,4.5,4.5,6.0,3.0,4.5,5.0,6.0,8.0,8.0,5.0,3.0,8.0,4.5,5.0,4.0,8.0,6.0,4.5,3.0,2.0,4.5,4.5,3.0,2.0,4.0,4.5,6.0,2.0,7.0,4.0,6.0,6.0,1.0,4.0,3.0,6.0,1.0,4.0,5.0,6.0,4.0,3.0,3.0,3.0,4.5,3.0,3.0,3.0,3.5,3.0,6.0,3.0,4.5,4.0,5.0,8.0,7.0,4.0,3.0,8.0,4.5,4.0,6.0,8.0,8.0,3.0,3.0,2.0,4.5,3.0,3.0,2.0,4.0,3.0,6.0,2.0,3.0,5.0,4.0,1.0,4.0,5.0,3.0,1.0,5.0,5.0,6.0,1.0,6.0,3.0,3.0,3.5,4.5,3.0,3.0,3.5,4.5,3.0,6.0,3.5,4.5,3.0,6.0,8.0,7.0,3.0,3.0,8.0,5.0,3.0,3.0,8.0,1.0,3.0,3.0,2.0,7.0,3.0,3.0,2.0,4.0,3.0,3.0,2.0,4.0,6.0,4.0,4.0,4.0,6.0,3.0,4.0,4.5,6.0,4.0,4.0,3.0
1,peeling_apple,4.5,7.0,7.0,4.5,4.5,7.0,7.0,4.5,4.5,2.0,7.0,4.5,1.0,2.0,2.0,2.0,1.0,7.0,2.0,4.5,1.0,8.0,2.0,8.0,4.5,7.0,6.0,4.5,4.5,8.0,6.0,8.0,4.5,1.0,6.0,1.5,1.0,2.0,5.0,3.0,1.0,7.0,5.0,5.0,1.0,1.0,5.0,1.0,7.0,7.0,7.0,4.5,7.0,7.0,7.0,7.0,7.0,2.0,7.0,7.0,7.0,1.0,5.0,1.0,7.0,7.0,5.0,4.5,7.0,2.0,5.0,2.0,6.0,7.0,6.0,4.5,6.0,8.0,6.0,8.0,6.0,1.0,6.0,1.5,2.0,8.0,3.0,8.0,2.0,7.0,3.0,5.0,2.0,1.0,3.0,3.0,7.0,7.0,7.0,7.0,7.0,7.0,7.0,7.0,7.0,2.0,7.0,7.0,6.5,2.0,3.0,3.0,6.5,7.5,3.0,5.0,6.5,6.0,3.0,3.0,6.0,8.0,6.0,7.0,6.0,8.0,6.0,8.0,6.0,7.0,6.0,6.5,3.0,7.0,1.0,5.0,3.0,7.0,1.0,4.5,3.0,8.0,1.0,8.0
1,peeling_peach,4.5,7.0,7.0,4.5,4.5,7.0,7.0,4.5,4.5,2.0,7.0,4.5,2.0,3.0,5.0,5.0,2.0,7.0,5.0,4.5,2.0,1.0,5.0,2.0,4.5,7.0,7.5,4.5,4.5,6.5,7.5,6.5,4.5,2.5,7.5,4.5,7.0,3.0,4.0,5.0,7.0,7.0,4.0,5.0,7.0,8.0,4.0,7.0,7.0,7.0,7.0,4.5,7.0,7.0,7.0,7.0,7.0,2.0,7.0,7.0,8.0,8.0,7.0,8.0,8.0,7.0,7.0,4.5,8.0,3.0,7.0,3.0,7.5,7.0,7.5,4.5,7.5,6.5,7.5,6.5,7.5,2.5,7.5,4.5,8.0,1.0,5.0,1.0,8.0,7.0,5.0,5.0,8.0,2.0,5.0,4.0,7.0,7.0,7.0,7.0,7.0,7.0,7.0,7.0,7.0,2.0,7.0,7.0,6.5,1.0,4.0,1.0,6.5,6.0,4.0,1.0,6.5,8.0,4.0,8.0,7.5,6.5,7.5,4.5,7.5,6.5,7.5,6.5,7.5,7.0,7.5,6.5,1.5,1.0,7.0,2.0,1.5,7.0,7.0,4.5,1.5,1.0,7.0,2.0
1,peeling_beer,4.5,3.0,3.0,4.5,4.5,3.0,3.0,4.5,4.5,6.0,3.0,4.5,5.0,6.0,3.0,4.0,5.0,3.0,3.0,4.5,5.0,4.0,3.0,5.0,4.5,3.0,3.0,4.5,4.5,3.0,3.0,3.0,4.5,6.0,3.0,3.0,4.0,6.0,7.0,8.0,4.0,3.0,7.0,5.0,4.0,5.0,7.0,6.0,3.0,3.0,3.0,4.5,3.0,3.0,3.0,5.0,3.0,6.0,3.0,3.0,4.0,5.0,3.0,5.0,4.0,3.0,3.0,4.5,4.0,6.0,3.0,4.0,3.0,3.0,3.0,4.5,3.0,3.0,3.0,3.0,3.0,6.0,3.0,6.0,5.0,4.0,6.0,2.0,5.0,3.0,6.0,1.0,5.0,6.0,6.0,7.0,3.0,3.0,1.0,3.0,3.0,3.0,1.0,3.0,3.0,6.0,1.0,3.0,3.0,6.0,6.0,6.0,3.0,3.0,6.0,5.0,3.0,3.0,6.0,6.0,3.0,3.0,3.0,3.0,3.0,3.0,3.0,3.0,3.0,3.0,3.0,3.0,6.0,4.0,3.0,3.0,6.0,3.0,3.0,4.5,6.0,4.0,3.0,4.0
1,peeling_deer,4.5,3.0,3.0,4.5,4.5,3.0,3.0,4.5,4.5,6.0,3.0,4.5,5.0,6.0,4.0,7.0,5.0,3.0,4.0,4.5,5.0,4.0,4.0,3.0,4.5,3.0,5.0,4.5,4.5,3.0,5.0,1.0,4.5,6.0,5.0,8.0,4.0,6.0,1.0,7.0,4.0,3.0,1.0,5.0,4.0,5.0,1.0,5.0,3.0,3.0,3.0,4.5,3.0,3.0,3.0,2.0,3.0,6.0,3.0,1.0,4.0,5.0,4.0,4.0,4.0,3.0,4.0,4.5,4.0,6.0,4.0,7.0,3.0,3.0,5.0,4.5,3.0,3.0,5.0,1.0,3.0,6.0,5.0,8.0,5.0,4.0,7.0,6.0,5.0,3.0,7.0,5.0,5.0,6.0,7.0,8.0,3.0,3.0,3.5,2.0,3.0,3.0,3.5,2.0,3.0,6.0,3.5,1.0,3.0,6.0,2.0,2.0,3.0,3.0,2.0,5.0,3.0,3.0,2.0,4.0,3.0,3.0,5.0,1.0,3.0,3.0,5.0,1.0,3.0,3.0,5.0,1.0,6.0,4.0,8.0,1.0,6.0,3.0,8.0,4.5,6.0,4.0,8.0,7.0
1,peeling_rabbit,4.5,3.0,3.0,4.5,4.5,3.0,3.0,4.5,4.5,6.0,3.0,4.5,5.0,6.0,6.0,3.0,5.0,3.0,6.0,4.5,5.0,4.0,6.0,4.0,4.5,3.0,4.0,4.5,4.5,3.0,4.0,2.0,4.5,6.0,4.0,6.0,4.0,6.0,2.0,6.0,4.0,3.0,2.0,5.0,4.0,5.0,2.0,8.0,3.0,3.0,3.0,4.5,3.0,3.0,3.0,1.0,3.0,6.0,3.0,2.0,4.0,5.0,6.0,6.0,4.0,3.0,6.0,4.5,4.0,6.0,6.0,5.0,3.0,3.0,4.0,4.5,3.0,3.0,4.0,2.0,3.0,6.0,4.0,7.0,5.0,4.0,4.0,3.0,5.0,3.0,4.0,5.0,5.0,6.0,4.0,2.0,3.0,3.0,3.5,1.0,3.0,3.0,3.5,1.0,3.0,6.0,3.5,2.0,3.0,6.0,1.0,5.0,3.0,3.0,1.0,5.0,3.0,3.0,1.0,7.0,3.0,3.0,4.0,2.0,3.0,3.0,4.0,2.0,3.0,3.0,4.0,2.0,6.0,4.0,5.0,7.0,6.0,3.0,5.0,4.5,6.0,4.0,5.0,1.0
1,peeling_pear,4.5,7.0,7.0,4.5,4.5,7.0,7.0,4.5,4.5,2.0,7.0,4.5,8.0,1.0,1.0,1.0,8.0,7.0,1.0,4.5,8.0,7.0,1.0,7.0,4.5,7.0,7.5,4.5,4.5,6.5,7.5,6.5,4.5,2.5,7.5,4.5,8.0,1.0,3.0,2.0,8.0,7.0,3.0,5.0,8.0,2.0,3.0,2.0,7.0,7.0,7.0,4.5,7.0,7.0,7.0,7.0,7.0,2.0,7.0,7.0,1.0,2.0,1.0,2.5,1.0,7.0,1.0,4.5,1.0,1.0,1.0,1.0,7.5,7.0,7.5,4.5,7.5,6.5,7.5,6.5,7.5,2.5,7.5,4.5,1.0,7.0,2.0,7.0,1.0,7.0,2.0,5.0,1.0,3.0,2.0,5.0,7.0,7.0,7.0,7.0,7.0,7.0,7.0,7.0,7.0,2.0,7.0,7.0,8.0,3.0,5.0,4.0,8.0,7.5,5.0,5.0,8.0,7.0,5.0,5.0,7.5,6.5,7.5,4.5,7.5,6.5,7.5,6.5,7.5,7.0,7.5,6.5,1.5,8.0,6.0,6.0,1.5,7.0,6.0,4.5,1.5,7.0,6.0,6.0
1,peeling_juice,4.5,3.0,3.0,4.5,4.5,3.0,3.0,4.5,4.5,6.0,3.0,4.5,5.0,6.0,7.0,6.0,5.0,3.0,7.0,4.5,5.0,4.0,7.0,1.0,4.5,3.0,1.0,4.5,4.5,3.0,1.0,5.0,4.5,6.0,1.0,1.5,4.0,6.0,8.0,4.0,4.0,3.0,8.0,5.0,4.0,5.0,8.0,3.0,3.0,3.0,3.0,4.5,3.0,3.0,3.0,3.5,3.0,6.0,3.0,4.5,4.0,5.0,2.0,2.5,4.0,3.0,2.0,4.5,4.0,6.0,2.0,6.0,3.0,3.0,1.0,4.5,3.0,3.0,1.0,5.0,3.0,6.0,1.0,1.5,5.0,4.0,8.0,5.0,5.0,3.0,8.0,5.0,5.0,6.0,8.0,1.0,3.0,3.0,3.5,4.5,3.0,3.0,3.5,4.5,3.0,6.0,3.5,4.5,3.0,6.0,7.0,8.0,3.0,3.0,7.0,5.0,3.0,3.0,7.0,2.0,3.0,3.0,1.0,7.0,3.0,3.0,1.0,5.0,3.0,3.0,1.0,6.5,6.0,4.0,2.0,8.0,6.0,3.0,2.0,4.5,6.0,4.0,2.0,5.0
1,eating_water,4.5,2.0,2.0,4.5,4.5,2.0,2.0,4.5,4.5,7.0,2.0,4.5,3.0,5.0,7.0,6.0,3.0,2.0,7.0,4.5,3.0,3.0,7.0,6.0,4.5,2.0,2.0,4.5,4.5,2.0,2.0,4.0,4.5,7.0,2.0,6.0,5.0,7.0,6.0,8.0,5.0,2.0,6.0,4.5,5.0,4.0,6.0,5.0,2.0,2.0,2.0,4.5,2.0,2.0,2.0,3.5,2.0,7.0,2.0,4.5,5.0,5.0,2.0,7.0,5.0,2.0,2.0,3.5,5.0,4.0,2.0,1.0,2.0,2.0,2.0,4.5,2.0,2.0,2.0,4.0,2.0,7.0,2.0,3.0,4.0,4.0,5.0,1.0,4.0,2.0,5.0,5.0,4.0,3.0,5.0,3.0,2.0,2.0,2.5,4.5,2.0,2.0,2.5,4.5,2.0,7.0,2.5,4.5,3.0,6.0,4.0,7.0,3.0,2.0,4.0,4.0,3.0,7.0,4.0,8.0,2.0,2.0,2.0,6.0,2.0,2.0,2.0,5.0,2.0,2.0,2.0,4.0,2.0,4.0,3.0,4.0,2.0,2.0,3.0,1.0,2.0,4.0,3.0,3.0
1,eating_apple,4.5,6.0,7.0,4.5,4.5,6.0,7.0,4.5,4.5,3.0,7.0,4.5,5.0,8.0,6.0,8.0,5.0,6.0,6.0,4.5,5.0,8.0,6.0,8.0,4.5,6.0,4.0,4.5,4.5,8.0,4.0,8.0,4.5,1.0,4.0,2.5,1.0,5.0,7.0,6.0,1.0,6.0,7.0,4.5,1.0,8.0,7.0,8.0,7.0,6.0,7.0,4.5,7.0,7.0,7.0,7.0,7.0,4.0,7.0,7.0,1.0,8.0,7.0,8.0,1.0,8.0,7.0,7.0,1.0,7.0,7.0,7.0,4.0,6.0,4.0,4.5,4.0,8.0,4.0,8.0,4.0,3.0,4.0,4.5,8.0,8.0,2.0,8.0,8.0,6.0,2.0,5.0,8.0,7.0,2.0,6.0,7.0,7.0,7.0,7.0,7.0,7.0,7.0,7.0,7.0,4.0,7.0,7.0,6.0,4.0,7.0,4.0,6.0,6.0,7.0,4.0,6.0,5.0,7.0,6.0,4.0,7.0,4.0,6.0,4.0,6.0,4.0,4.0,4.0,8.0,4.0,7.5,5.0,1.0,2.0,1.0,5.0,6.0,2.0,5.0,5.0,8.0,2.0,8.0
1,eating_peach,4.5,6.0,7.0,4.5,4.5,6.0,7.0,4.5,4.5,3.0,7.0,4.5,8.0,3.0,1.0,4.0,8.0,6.0,1.0,4.5,8.0,1.0,1.0,2.0,4.5,6.0,6.5,4.5,4.5,6.5,6.5,6.5,4.5,4.5,6.5,7.5,7.0,2.0,3.0,2.0,7.0,6.0,3.0,4.5,7.0,2.0,3.0,2.0,7.0,6.0,7.0,4.5,7.0,7.0,7.0,7.0,7.0,4.0,7.0,7.0,2.0,7.0,6.0,6.0,2.0,5.5,6.0,3.5,2.0,6.0,6.0,6.0,6.5,6.0,6.5,4.5,6.5,6.5,6.5,6.5,6.5,1.5,6.5,1.5,7.0,7.0,6.0,6.0,7.0,6.0,6.0,5.0,7.0,6.0,6.0,5.0,7.0,7.0,7.0,7.0,7.0,7.0,7.0,7.0,7.0,4.0,7.0,7.0,7.0,3.0,5.0,3.0,7.0,6.0,5.0,4.0,7.0,1.0,5.0,1.0,6.5,7.0,6.5,6.0,6.5,7.5,6.5,6.5,6.5,6.5,6.5,5.5,6.0,8.0,7.0,8.0,6.0,6.0,7.0,5.0,6.0,2.0,7.0,2.0
1,eating_beer,4.5,2.0,2.0,4.5,4.5,2.0,2.0,4.5,4.5,7.0,2.0,4.5,3.0,5.0,3.0,5.0,3.0,2.0,3.0,4.5,3.0,3.0,3.0,5.0,4.5,2.0,3.0,4.5,4.5,2.0,3.0,3.0,4.5,7.0,3.0,1.0,5.0,7.0,2.0,4.0,5.0,2.0,2.0,4.5,5.0,4.0,2.0,3.0,2.0,2.0,2.0,4.5,2.0,2.0,2.0,5.0,2.0,7.0,2.0,3.0,5.0,5.0,4.0,5.0,5.0,2.0,4.0,8.0,5.0,4.0,4.0,5.0,2.0,2.0,3.0,4.5,2.0,2.0,3.0,3.0,2.0,7.0,3.0,6.0,4.0,4.0,7.0,4.0,4.0,2.0,7.0,1.0,4.0,3.0,7.0,2.0,2.0,2.0,1.0,3.0,2.0,2.0,1.0,3.0,2.0,7.0,1.0,3.0,3.0,6.0,8.0,6.0,3.0,2.0,8.0,8.0,3.0,7.0,8.0,3.0,2.0,2.0,3.0,3.0,2.0,2.0,3.0,3.0,2.0,2.0,3.0,3.0,2.0,4.0,8.0,3.0,2.0,2.0,8.0,5.0,2.0,4.0,8.0,4.0
1,eating_deer,4.5,6.0,5.0,4.5,4.5,6.0,5.0,4.5,4.5,3.0,5.0,4.5,7.0,2.0,5.0,3.0,7.0,6.0,5.0,4.5,7.0,5.0,5.0,3.0,4.5,6.0,8.0,4.5,4.5,4.0,8.0,1.0,4.5,2.0,8.0,4.0,2.0,4.0,5.0,5.0,2.0,6.0,5.0,4.5,2.0,6.0,5.0,4.0,5.0,6.0,5.0,4.5,5.0,5.0,5.0,2.0,5.0,1.0,5.0,1.0,3.0,2.0,3.0,3.0,3.0,5.5,3.0,3.5,3.0,1.0,3.0,2.0,8.0,6.0,8.0,4.5,8.0,4.0,8.0,1.0,8.0,5.0,8.0,8.0,6.0,2.0,3.0,3.0,6.0,6.0,3.0,5.0,6.0,1.0,3.0,1.0,5.0,5.0,5.0,2.0,5.0,5.0,5.0,2.0,5.0,1.0,5.0,1.0,1.0,1.0,6.0,1.0,1.0,6.0,6.0,4.0,1.0,4.0,6.0,5.0,8.0,4.0,8.0,1.0,8.0,4.0,8.0,1.0,8.0,4.0,8.0,1.0,4.0,2.0,4.0,2.0,4.0,6.0,4.0,5.0,4.0,7.0,4.0,7.0
1,eating_rabbit,4.5,6.0,4.0,4.5,4.5,6.0,4.0,4.5,4.5,3.0,4.0,4.5,6.0,7.0,2.0,7.0,6.0,6.0,2.0,4.5,6.0,6.0,2.0,4.0,4.5,6.0,5.0,4.5,4.5,5.0,5.0,2.0,4.5,3.0,5.0,5.0,8.0,1.0,1.0,1.0,8.0,6.0,1.0,4.5,8.0,1.0,1.0,1.0,4.0,6.0,4.0,4.5,4.0,4.0,4.0,1.0,4.0,2.0,4.0,2.0,7.0,3.0,5.0,4.0,7.0,5.5,5.0,3.5,7.0,2.0,5.0,4.0,5.0,6.0,5.0,4.5,5.0,5.0,5.0,2.0,5.0,4.0,5.0,7.0,2.0,6.0,4.0,5.0,2.0,6.0,4.0,5.0,2.0,8.0,4.0,7.0,4.0,4.0,4.0,1.0,4.0,4.0,4.0,1.0,4.0,2.0,4.0,2.0,5.0,2.0,2.0,2.0,5.0,6.0,2.0,4.0,5.0,2.0,2.0,2.0,5.0,5.0,5.0,2.0,5.0,5.0,5.0,2.0,5.0,5.0,5.0,2.0,8.0,7.0,5.0,7.0,8.0,6.0,5.0,5.0,8.0,1.0,5.0,1.0
1,eating_pear,4.5,6.0,7.0,4.5,4.5,6.0,7.0,4.5,4.5,3.0,7.0,4.5,1.0,1.0,8.0,1.0,1.0,6.0,8.0,4.5,1.0,7.0,8.0,7.0,4.5,6.0,6.5,4.5,4.5,6.5,6.5,6.5,4.5,4.5,6.5,7.5,3.0,3.0,4.0,3.0,3.0,6.0,4.0,4.5,3.0,7.0,4.0,7.0,7.0,6.0,7.0,4.5,7.0,7.0,7.0,7.0,7.0,4.0,7.0,7.0,8.0,1.0,1.0,1.0,8.0,5.5,1.0,3.5,8.0,8.0,1.0,8.0,6.5,6.0,6.5,4.5,6.5,6.5,6.5,6.5,6.5,1.5,6.5,1.5,1.0,1.0,8.0,2.0,1.0,6.0,8.0,5.0,1.0,5.0,8.0,4.0,7.0,7.0,7.0,7.0,7.0,7.0,7.0,7.0,7.0,4.0,7.0,7.0,8.0,8.0,3.0,5.0,8.0,6.0,3.0,4.0,8.0,3.0,3.0,4.0,6.5,7.0,6.5,6.0,6.5,7.5,6.5,6.5,6.5,6.5,6.5,5.5,7.0,6.0,6.0,5.0,7.0,6.0,6.0,5.0,7.0,6.0,6.0,6.0
1,eating_juice,4.5,2.0,2.0,4.5,4.5,2.0,2.0,4.5,4.5,7.0,2.0,4.5,3.0,5.0,4.0,2.0,3.0,2.0,4.0,4.5,3.0,3.0,4.0,1.0,4.5,2.0,1.0,4.5,4.5,2.0,1.0,5.0,4.5,7.0,1.0,2.5,5.0,7.0,8.0,7.0,5.0,2.0,8.0,4.5,5.0,4.0,8.0,6.0,2.0,2.0,2.0,4.5,2.0,2.0,2.0,3.5,2.0,7.0,2.0,4.5,5.0,5.0,8.0,2.0,5.0,2.0,8.0,3.5,5.0,4.0,8.0,3.0,2.0,2.0,1.0,4.5,2.0,2.0,1.0,5.0,2.0,7.0,1.0,4.5,4.0,4.0,1.0,7.0,4.0,2.0,1.0,5.0,4.0,3.0,1.0,8.0,2.0,2.0,2.5,4.5,2.0,2.0,2.5,4.5,2.0,7.0,2.5,4.5,3.0,6.0,1.0,8.0,3.0,2.0,1.0,4.0,3.0,7.0,1.0,7.0,2.0,2.0,1.0,6.0,2.0,2.0,1.0,8.0,2.0,2.0,1.0,7.5,2.0,4.0,1.0,6.0,2.0,2.0,1.0,5.0,2.0,4.0,1.0,5.0
1,chasing_water,4.5,3.5,4.0,4.5,4.5,3.5,4.0,4.5,4.5,5.5,4.0,4.5,5.5,4.5,8.0,2.0,5.5,3.5,8.0,1.0,5.5,5.5,8.0,3.0,4.5,3.5,6.0,4.5,4.5,3.5,6.0,4.0,4.5,5.5,6.0,8.0,4.5,4.5,5.0,8.0,4.5,3.5,5.0,5.5,4.5,4.5,5.0,5.0,4.0,3.5,4.0,4.5,4.0,3.5,4.0,3.5,4.0,5.5,4.0,4.5,4.5,4.5,2.0,4.0,4.5,3.5,2.0,5.0,4.5,5.5,2.0,1.0,3.5,3.5,6.0,4.5,3.5,3.5,6.0,4.0,3.5,5.5,6.0,5.0,4.5,4.5,5.0,6.0,4.5,3.5,5.0,4.0,4.5,4.5,5.0,6.0,4.0,3.5,4.5,4.5,4.0,3.5,4.5,4.5,4.0,5.5,4.5,4.5,4.5,4.5,3.0,3.0,4.5,3.5,3.0,5.0,4.5,5.5,3.0,8.0,3.5,3.5,6.0,6.0,3.5,3.5,6.0,4.0,3.5,3.5,6.0,4.0,3.5,5.5,8.0,6.0,3.5,3.5,8.0,5.0,3.5,4.5,8.0,6.0
1,chasing_apple,4.5,3.5,4.0,4.5,4.5,3.5,4.0,4.5,4.5,5.5,4.0,4.5,5.5,4.5,5.0,1.0,5.5,3.5,5.0,5.0,5.5,5.5,5.0,1.0,4.5,3.5,1.0,4.5,4.5,3.5,1.0,8.0,4.5,5.5,1.0,2.5,4.5,4.5,1.0,7.0,4.5,3.5,1.0,1.5,4.5,4.5,1.0,8.0,4.0,3.5,4.0,4.5,4.0,3.5,4.0,7.0,4.0,5.5,4.0,7.0,4.5,4.5,6.0,6.0,4.5,3.5,6.0,5.0,4.5,5.5,6.0,7.0,3.5,3.5,1.0,4.5,3.5,3.5,1.0,8.0,3.5,5.5,1.0,1.5,4.5,4.5,4.0,1.0,4.5,3.5,4.0,4.0,4.5,4.5,4.0,3.0,4.0,3.5,4.5,7.0,4.0,3.5,4.5,7.0,4.0,5.5,4.5,7.0,4.5,4.5,8.0,4.0,4.5,3.5,8.0,5.0,4.5,5.5,8.0,6.0,3.5,3.5,1.0,6.0,3.5,3.5,1.0,8.0,3.5,3.5,1.0,5.5,3.5,5.5,2.0,3.0,3.5,3.5,2.0,5.0,3.5,4.5,2.0,1.0
1,chasing_peach,4.5,3.5,4.0,4.5,4.5,3.5,4.0,4.5,4.5,5.5,4.0,4.5,5.5,4.5,4.0,8.0,5.5,3.5,4.0,5.0,5.5,5.5,4.0,7.0,4.5,3.5,2.5,4.5,4.5,3.5,2.5,6.5,4.5,5.5,2.5,5.5,4.5,4.5,2.0,6.0,4.5,3.5,2.0,5.5,4.5,4.5,2.0,2.0,4.0,3.5,4.0,4.5,4.0,3.5,4.0,7.0,4.0,5.5,4.0,7.0,4.5,4.5,5.0,8.0,4.5,3.5,5.0,5.0,4.5,5.5,5.0,6.0,3.5,3.5,2.5,4.5,3.5,3.5,2.5,6.5,3.5,5.5,2.5,3.5,4.5,4.5,8.0,4.0,4.5,3.5,8.0,4.0,4.5,4.5,8.0,4.0,4.0,3.5,4.5,7.0,4.0,3.5,4.5,7.0,4.0,5.5,4.5,7.0,4.5,4.5,7.0,1.0,4.5,3.5,7.0,1.0,4.5,5.5,7.0,1.0,3.5,3.5,2.5,6.0,3.5,3.5,2.5,6.5,3.5,3.5,2.5,7.5,3.5,5.5,3.0,8.0,3.5,3.5,3.0,5.0,3.5,4.5,3.0,7.0
1,chasing_beer,4.5,3.5,4.0,4.5,4.5,3.5,4.0,4.5,4.5,5.5,4.0,4.5,5.5,4.5,3.0,4.0,5.5,3.5,3.0,5.0,5.5,5.5,3.0,4.0,4.5,3.5,7.0,4.5,4.5,3.5,7.0,3.0,4.5,5.5,7.0,1.0,4.5,4.5,7.0,2.0,4.5,3.5,7.0,5.5,4.5,4.5,7.0,3.0,4.0,3.5,4.0,4.5,4.0,3.5,4.0,5.0,4.0,5.5,4.0,3.0,4.5,4.5,4.0,7.0,4.5,3.5,4.0,8.0,4.5,5.5,4.0,5.0,3.5,3.5,7.0,4.5,3.5,3.5,7.0,3.0,3.5,5.5,7.0,6.0,4.5,4.5,2.0,2.0,4.5,3.5,2.0,4.0,4.5,4.5,2.0,7.0,4.0,3.5,1.0,3.0,4.0,3.5,1.0,3.0,4.0,5.5,1.0,3.0,4.5,4.5,4.0,6.0,4.5,3.5,4.0,5.0,4.5,5.5,4.0,3.0,3.5,3.5,7.0,3.0,3.5,3.5,7.0,3.0,3.5,3.5,7.0,3.0,3.5,5.5,5.0,2.0,3.5,3.5,5.0,5.0,3.5,4.5,5.0,5.0
1,chasing_deer,4.5,7.5,8.0,4.5,4.5,7.5,8.0,4.5,4.5,1.5,8.0,4.5,2.0,1.0,6.0,3.0,2.0,7.5,6.0,5.0,2.0,2.0,6.0,6.0,4.5,7.5,8.0,4.5,4.5,7.0,8.0,1.0,4.5,2.0,8.0,7.0,8.0,1.0,6.0,1.0,8.0,7.5,6.0,5.5,8.0,8.0,6.0,4.0,8.0,7.5,8.0,4.5,8.0,8.0,8.0,2.0,8.0,1.0,8.0,1.0,8.0,1.0,3.0,3.0,8.0,7.5,3.0,1.5,8.0,1.0,3.0,2.0,8.0,7.5,8.0,4.5,8.0,7.0,8.0,1.0,8.0,2.0,8.0,8.0,8.0,1.0,1.0,3.0,8.0,8.0,1.0,8.0,8.0,8.0,1.0,8.0,8.0,8.0,8.0,2.0,8.0,8.0,8.0,2.0,8.0,1.0,8.0,1.0,8.0,8.0,1.0,5.0,8.0,7.5,1.0,5.0,8.0,2.0,1.0,5.0,8.0,7.0,8.0,1.0,8.0,7.0,8.0,1.0,8.0,7.0,8.0,1.0,8.0,2.0,1.0,5.0,8.0,7.5,1.0,5.0,8.0,1.0,1.0,2.0
1,chasing_rabbit,4.5,7.5,4.0,4.5,4.5,7.5,4.0,4.5,4.5,1.5,4.0,4.5,1.0,8.0,1.0,5.0,1.0,7.5,1.0,5.0,1.0,1.0,1.0,5.0,4.5,7.5,4.0,4.5,4.5,8.0,4.0,2.0,4.5,1.0,4.0,4.0,1.0,8.0,4.0,4.0,1.0,7.5,4.0,5.5,1.0,1.0,4.0,1.0,4.0,7.5,4.0,4.5,4.0,7.0,4.0,1.0,4.0,2.0,4.0,2.0,1.0,8.0,8.0,5.0,1.0,7.5,8.0,1.5,1.0,2.0,8.0,4.0,7.0,7.5,4.0,4.5,7.0,8.0,4.0,2.0,7.0,1.0,4.0,7.0,1.0,8.0,3.0,5.0,1.0,7.0,3.0,4.0,1.0,1.0,3.0,2.0,4.0,7.0,4.5,1.0,4.0,7.0,4.5,1.0,4.0,2.0,4.5,2.0,1.0,1.0,5.0,2.0,1.0,7.5,5.0,5.0,1.0,1.0,5.0,2.0,7.0,8.0,4.0,2.0,7.0,8.0,4.0,2.0,7.0,8.0,4.0,2.0,7.0,1.0,6.0,4.0,7.0,7.5,6.0,5.0,7.0,8.0,6.0,8.0
1,chasing_pear,4.5,3.5,4.0,4.5,4.5,3.5,4.0,4.5,4.5,5.5,4.0,4.5,5.5,4.5,7.0,6.0,5.5,3.5,7.0,5.0,5.5,5.5,7.0,2.0,4.5,3.5,2.5,4.5,4.5,3.5,2.5,6.5,4.5,5.5,2.5,5.5,4.5,4.5,3.0,5.0,4.5,3.5,3.0,1.5,4.5,4.5,3.0,7.0,4.0,3.5,4.0,4.5,4.0,3.5,4.0,7.0,4.0,5.5,4.0,7.0,4.5,4.5,1.0,1.0,4.5,3.5,1.0,5.0,4.5,5.5,1.0,8.0,3.5,3.5,2.5,4.5,3.5,3.5,2.5,6.5,3.5,5.5,2.5,3.5,4.5,4.5,6.0,8.0,4.5,3.5,6.0,4.0,4.5,4.5,6.0,5.0,4.0,3.5,4.5,7.0,4.0,3.5,4.5,7.0,4.0,5.5,4.5,7.0,4.5,4.5,6.0,8.0,4.5,3.5,6.0,5.0,4.5,5.5,6.0,4.0,3.5,3.5,2.5,6.0,3.5,3.5,2.5,6.5,3.5,3.5,2.5,7.5,3.5,5.5,7.0,7.0,3.5,3.5,7.0,5.0,3.5,4.5,7.0,3.0
1,chasing_juice,4.5,3.5,4.0,4.5,4.5,3.5,4.0,4.5,4.5,5.5,4.0,4.5,5.5,4.5,2.0,7.0,5.5,3.5,2.0,5.0,5.5,5.5,2.0,8.0,4.5,3.5,5.0,4.5,4.5,3.5,5.0,5.0,4.5,5.5,5.0,2.5,4.5,4.5,8.0,3.0,4.5,3.5,8.0,5.5,4.5,4.5,8.0,6.0,4.0,3.5,4.0,4.5,4.0,3.5,4.0,3.5,4.0,5.5,4.0,4.5,4.5,4.5,7.0,2.0,4.5,3.5,7.0,5.0,4.5,5.5,7.0,3.0,3.5,3.5,5.0,4.5,3.5,3.5,5.0,5.0,3.5,5.5,5.0,1.5,4.5,4.5,7.0,7.0,4.5,3.5,7.0,4.0,4.5,4.5,7.0,1.0,4.0,3.5,4.5,4.5,4.0,3.5,4.5,4.5,4.0,5.5,4.5,4.5,4.5,4.5,2.0,7.0,4.5,3.5,2.0,5.0,4.5,5.5,2.0,7.0,3.5,3.5,5.0,6.0,3.5,3.5,5.0,5.0,3.5,3.5,5.0,5.5,3.5,5.5,4.0,1.0,3.5,3.5,4.0,1.0,3.5,4.5,4.0,4.0
1,shooting_water,4.5,4.0,4.0,4.5,4.5,4.0,4.0,4.5,4.5,5.0,4.0,4.5,5.0,4.0,8.0,2.0,5.0,4.0,8.0,4.0,5.0,5.0,8.0,3.0,4.5,4.0,5.0,4.5,4.5,4.0,5.0,4.0,4.5,5.0,5.0,6.0,5.0,5.0,2.0,1.0,5.0,4.0,2.0,1.0,5.0,5.0,2.0,4.0,4.0,4.0,4.0,4.5,4.0,4.0,4.0,3.5,4.0,5.0,4.0,4.5,4.0,5.0,2.0,5.0,4.0,4.0,2.0,5.5,4.0,5.0,2.0,1.0,4.0,4.0,5.0,4.5,4.0,4.0,5.0,4.0,4.0,5.0,5.0,3.0,5.0,5.0,2.0,3.0,5.0,4.0,2.0,2.0,5.0,4.0,2.0,6.0,4.0,4.0,4.5,4.5,4.0,4.0,4.5,4.5,4.0,5.0,4.5,4.5,4.0,4.0,2.0,5.0,4.0,4.0,2.0,5.0,4.0,4.0,2.0,1.0,4.0,4.0,5.0,6.0,4.0,4.0,5.0,4.0,4.0,4.0,5.0,4.0,5.0,4.0,5.0,1.0,5.0,4.0,5.0,4.5,5.0,4.0,5.0,3.0
1,shooting_apple,4.5,4.0,4.0,4.5,4.5,4.0,4.0,4.5,4.5,5.0,4.0,4.5,5.0,4.0,6.0,1.0,5.0,4.0,6.0,4.0,5.0,5.0,6.0,1.0,4.5,4.0,1.0,4.5,4.5,4.0,1.0,8.0,4.5,5.0,1.0,3.5,5.0,5.0,5.0,7.0,5.0,4.0,5.0,5.0,5.0,5.0,5.0,1.0,4.0,4.0,4.0,4.5,4.0,4.0,4.0,7.0,4.0,5.0,4.0,7.0,4.0,5.0,8.0,1.0,4.0,4.0,8.0,5.5,4.0,5.0,8.0,7.0,4.0,4.0,1.0,4.5,4.0,4.0,1.0,8.0,4.0,5.0,1.0,4.5,5.0,5.0,3.0,2.0,5.0,4.0,3.0,4.5,5.0,4.0,3.0,3.0,4.0,4.0,4.5,7.0,4.0,4.0,4.5,7.0,4.0,5.0,4.5,7.0,4.0,4.0,1.0,6.0,4.0,4.0,1.0,5.0,4.0,4.0,1.0,3.0,4.0,4.0,1.0,6.0,4.0,4.0,1.0,8.0,4.0,4.0,1.0,7.5,5.0,4.0,1.0,5.0,5.0,4.0,1.0,4.5,5.0,4.0,1.0,8.0
1,shooting_peach,4.5,4.0,4.0,4.5,4.5,4.0,4.0,4.5,4.5,5.0,4.0,4.5,5.0,4.0,4.0,3.0,5.0,4.0,4.0,4.0,5.0,5.0,4.0,7.0,4.5,4.0,2.5,4.5,4.5,4.0,2.5,6.5,4.5,5.0,2.5,7.5,5.0,5.0,7.0,2.0,5.0,4.0,7.0,5.0,5.0,5.0,7.0,7.0,4.0,4.0,4.0,4.5,4.0,4.0,4.0,7.0,4.0,5.0,4.0,7.0,4.0,5.0,1.0,8.0,4.0,4.0,1.0,5.5,4.0,5.0,1.0,6.0,4.0,4.0,2.5,4.5,4.0,4.0,2.5,6.5,4.0,5.0,2.5,1.5,5.0,5.0,8.0,8.0,5.0,4.0,8.0,7.0,5.0,4.0,8.0,4.0,4.0,4.0,4.5,7.0,4.0,4.0,4.5,7.0,4.0,5.0,4.5,7.0,4.0,4.0,7.0,7.0,4.0,4.0,7.0,5.0,4.0,4.0,7.0,8.0,4.0,4.0,2.5,6.0,4.0,4.0,2.5,6.5,4.0,4.0,2.5,5.5,5.0,4.0,3.0,8.0,5.0,4.0,3.0,4.5,5.0,4.0,3.0,2.0
1,shooting_beer,4.5,4.0,4.0,4.5,4.5,4.0,4.0,4.5,4.5,5.0,4.0,4.5,5.0,4.0,1.0,4.0,5.0,4.0,1.0,4.0,5.0,5.0,1.0,4.0,4.5,4.0,6.0,4.5,4.5,4.0,6.0,3.0,4.5,5.0,6.0,1.0,5.0,5.0,3.0,5.0,5.0,4.0,3.0,5.0,5.0,5.0,3.0,6.0,4.0,4.0,4.0,4.5,4.0,4.0,4.0,5.0,4.0,5.0,4.0,3.0,4.0,5.0,4.0,7.0,4.0,4.0,4.0,5.5,4.0,5.0,4.0,5.0,4.0,4.0,6.0,4.5,4.0,4.0,6.0,3.0,4.0,5.0,6.0,6.0,5.0,5.0,4.0,4.0,5.0,4.0,4.0,2.0,5.0,4.0,4.0,7.0,4.0,4.0,1.0,3.0,4.0,4.0,1.0,3.0,4.0,5.0,1.0,3.0,4.0,4.0,5.0,8.0,4.0,4.0,5.0,5.0,4.0,4.0,5.0,6.0,4.0,4.0,6.0,3.0,4.0,4.0,6.0,3.0,4.0,4.0,6.0,3.0,5.0,4.0,6.0,2.0,5.0,4.0,6.0,4.5,5.0,4.0,6.0,4.0
1,shooting_deer,4.5,8.0,8.0,4.5,4.5,8.0,8.0,4.5,4.5,1.0,8.0,4.5,1.0,8.0,5.0,7.0,1.0,8.0,5.0,4.0,1.0,1.0,5.0,6.0,4.5,8.0,8.0,4.5,4.5,8.0,8.0,1.0,4.5,1.0,8.0,2.0,1.0,1.0,4.0,4.0,1.0,8.0,4.0,5.0,1.0,1.0,4.0,5.0,8.0,8.0,8.0,4.5,8.0,8.0,8.0,2.0,8.0,1.0,8.0,1.0,8.0,1.0,3.0,3.0,8.0,8.0,3.0,1.5,8.0,1.0,3.0,2.0,8.0,8.0,8.0,4.5,8.0,8.0,8.0,1.0,8.0,1.0,8.0,8.0,1.0,1.0,6.0,5.0,1.0,8.0,6.0,7.0,1.0,8.0,6.0,8.0,8.0,8.0,8.0,2.0,8.0,8.0,8.0,2.0,8.0,1.0,8.0,1.0,8.0,8.0,6.0,4.0,8.0,8.0,6.0,5.0,8.0,8.0,6.0,4.0,8.0,8.0,8.0,1.0,8.0,8.0,8.0,1.0,8.0,8.0,8.0,1.0,1.0,8.0,2.0,4.0,1.0,8.0,2.0,4.5,1.0,8.0,2.0,7.0
1,shooting_rabbit,4.5,4.0,4.0,4.5,4.5,4.0,4.0,4.5,4.5,5.0,4.0,4.5,5.0,4.0,2.0,8.0,5.0,4.0,2.0,8.0,5.0,5.0,2.0,5.0,4.5,4.0,7.0,4.5,4.5,4.0,7.0,2.0,4.5,5.0,7.0,5.0,5.0,5.0,8.0,6.0,5.0,4.0,8.0,5.0,5.0,5.0,8.0,8.0,4.0,4.0,4.0,4.5,4.0,4.0,4.0,1.0,4.0,5.0,4.0,2.0,4.0,5.0,6.0,6.0,4.0,4.0,6.0,1.5,4.0,5.0,6.0,4.0,4.0,4.0,7.0,4.5,4.0,4.0,7.0,2.0,4.0,5.0,7.0,7.0,5.0,5.0,5.0,6.0,5.0,4.0,5.0,7.0,5.0,4.0,5.0,2.0,4.0,4.0,4.5,1.0,4.0,4.0,4.5,1.0,4.0,5.0,4.5,2.0,4.0,4.0,4.0,1.0,4.0,4.0,4.0,5.0,4.0,4.0,4.0,7.0,4.0,4.0,7.0,2.0,4.0,4.0,7.0,2.0,4.0,4.0,7.0,2.0,5.0,4.0,8.0,6.0,5.0,4.0,8.0,4.5,5.0,4.0,8.0,1.0
1,shooting_pear,4.5,4.0,4.0,4.5,4.5,4.0,4.0,4.5,4.5,5.0,4.0,4.5,5.0,4.0,7.0,5.0,5.0,4.0,7.0,4.0,5.0,5.0,7.0,2.0,4.5,4.0,2.5,4.5,4.5,4.0,2.5,6.5,4.5,5.0,2.5,7.5,5.0,5.0,1.0,8.0,5.0,4.0,1.0,5.0,5.0,5.0,1.0,2.0,4.0,4.0,4.0,4.5,4.0,4.0,4.0,7.0,4.0,5.0,4.0,7.0,4.0,5.0,7.0,4.0,4.0,4.0,7.0,5.5,4.0,5.0,7.0,8.0,4.0,4.0,2.5,4.5,4.0,4.0,2.5,6.5,4.0,5.0,2.5,1.5,5.0,5.0,1.0,1.0,5.0,4.0,1.0,2.0,5.0,4.0,1.0,5.0,4.0,4.0,4.5,7.0,4.0,4.0,4.5,7.0,4.0,5.0,4.5,7.0,4.0,4.0,3.0,2.0,4.0,4.0,3.0,5.0,4.0,4.0,3.0,5.0,4.0,4.0,2.5,6.0,4.0,4.0,2.5,6.5,4.0,4.0,2.5,5.5,5.0,4.0,7.0,3.0,5.0,4.0,7.0,4.5,5.0,4.0,7.0,6.0
1,shooting_juice,4.5,4.0,4.0,4.5,4.5,4.0,4.0,4.5,4.5,5.0,4.0,4.5,5.0,4.0,3.0,6.0,5.0,4.0,3.0,4.0,5.0,5.0,3.0,8.0,4.5,4.0,4.0,4.5,4.5,4.0,4.0,5.0,4.5,5.0,4.0,3.5,5.0,5.0,6.0,3.0,5.0,4.0,6.0,5.0,5.0,5.0,6.0,3.0,4.0,4.0,4.0,4.5,4.0,4.0,4.0,3.5,4.0,5.0,4.0,4.5,4.0,5.0,5.0,2.0,4.0,4.0,5.0,5.5,4.0,5.0,5.0,3.0,4.0,4.0,4.0,4.5,4.0,4.0,4.0,5.0,4.0,5.0,4.0,4.5,5.0,5.0,7.0,7.0,5.0,4.0,7.0,4.5,5.0,4.0,7.0,1.0,4.0,4.0,4.5,4.5,4.0,4.0,4.5,4.5,4.0,5.0,4.5,4.5,4.0,4.0,8.0,3.0,4.0,4.0,8.0,1.0,4.0,4.0,8.0,2.0,4.0,4.0,4.0,6.0,4.0,4.0,4.0,5.0,4.0,4.0,4.0,7.5,5.0,4.0,4.0,7.0,5.0,4.0,4.0,4.5,5.0,4.0,4.0,5.0
1,butchering_water,4.5,3.5,3.5,4.5,4.5,3.5,3.5,4.5,4.5,5.5,3.5,4.5,3.5,3.5,1.0,2.0,3.5,3.5,1.0,4.5,3.5,3.5,1.0,6.0,4.5,3.5,5.0,4.5,4.5,3.5,5.0,4.0,4.5,5.5,5.0,4.5,4.5,5.5,2.0,4.0,4.5,3.5,2.0,4.5,4.5,4.5,2.0,4.0,3.5,3.5,3.5,4.5,3.5,3.5,3.5,3.5,3.5,5.5,3.5,4.5,4.5,4.5,6.0,1.0,4.5,3.5,6.0,4.0,4.5,3.5,6.0,8.0,3.5,3.5,5.0,4.5,3.5,3.5,5.0,4.0,3.5,5.5,5.0,1.0,4.5,4.5,3.0,3.0,4.5,3.5,3.0,2.0,4.5,4.5,3.0,6.0,3.5,3.5,4.0,4.5,3.5,3.5,4.0,4.5,3.5,5.5,4.0,4.5,5.5,5.5,6.0,8.0,5.5,3.5,6.0,1.5,5.5,3.5,6.0,1.0,3.5,3.5,5.0,5.0,3.5,3.5,5.0,4.0,3.5,3.5,5.0,6.0,4.5,5.5,3.0,8.0,4.5,3.5,3.0,4.5,4.5,4.5,3.0,3.0
1,butchering_apple,4.5,3.5,3.5,4.5,4.5,3.5,3.5,4.5,4.5,5.5,3.5,4.5,3.5,3.5,5.0,1.0,3.5,3.5,5.0,4.5,3.5,3.5,5.0,8.0,4.5,3.5,1.0,4.5,4.5,3.5,1.0,8.0,4.5,5.5,1.0,1.5,4.5,5.5,4.0,3.0,4.5,3.5,4.0,4.5,4.5,4.5,4.0,1.0,3.5,3.5,3.5,4.5,3.5,3.5,3.5,7.0,3.5,5.5,3.5,7.0,4.5,4.5,8.0,7.0,4.5,3.5,8.0,4.0,4.5,3.5,8.0,2.0,3.5,3.5,1.0,4.5,3.5,3.5,1.0,8.0,3.5,5.5,1.0,4.0,4.5,4.5,6.0,1.0,4.5,3.5,6.0,6.0,4.5,4.5,6.0,3.0,3.5,3.5,4.0,7.0,3.5,3.5,4.0,7.0,3.5,5.5,4.0,7.0,5.5,5.5,1.0,7.0,5.5,3.5,1.0,5.5,5.5,3.5,1.0,3.0,3.5,3.5,1.0,7.5,3.5,3.5,1.0,8.0,3.5,3.5,1.0,4.5,4.5,5.5,8.0,7.0,4.5,3.5,8.0,4.5,4.5,4.5,8.0,8.0
1,butchering_peach,4.5,3.5,3.5,4.5,4.5,3.5,3.5,4.5,4.5,5.5,3.5,4.5,3.5,3.5,7.0,4.0,3.5,3.5,7.0,4.5,3.5,3.5,7.0,2.0,4.5,3.5,2.5,4.5,4.5,3.5,2.5,6.5,4.5,5.5,2.5,7.5,4.5,5.5,1.0,7.0,4.5,3.5,1.0,4.5,4.5,4.5,1.0,7.0,3.5,3.5,3.5,4.5,3.5,3.5,3.5,7.0,3.5,5.5,3.5,7.0,4.5,4.5,1.0,5.0,4.5,3.5,1.0,4.0,4.5,3.5,1.0,3.0,3.5,3.5,2.5,4.5,3.5,3.5,2.5,6.5,3.5,5.5,2.5,2.5,4.5,4.5,2.0,8.0,4.5,3.5,2.0,6.0,4.5,4.5,2.0,4.0,3.5,3.5,4.0,7.0,3.5,3.5,4.0,7.0,3.5,5.5,4.0,7.0,5.5,5.5,4.0,5.0,5.5,3.5,4.0,5.5,5.5,3.5,4.0,8.0,3.5,3.5,2.5,5.0,3.5,3.5,2.5,6.5,3.5,3.5,2.5,7.5,4.5,5.5,6.0,1.0,4.5,3.5,6.0,4.5,4.5,4.5,6.0,2.0
1,butchering_beer,4.5,3.5,3.5,4.5,4.5,3.5,3.5,4.5,4.5,5.5,3.5,4.5,3.5,3.5,8.0,3.0,3.5,3.5,8.0,4.5,3.5,3.5,8.0,5.0,4.5,3.5,6.0,4.5,4.5,3.5,6.0,3.0,4.5,5.5,6.0,3.0,4.5,5.5,8.0,6.0,4.5,3.5,8.0,4.5,4.5,4.5,8.0,6.0,3.5,3.5,3.5,4.5,3.5,3.5,3.5,5.0,3.5,5.5,3.5,3.0,4.5,4.5,4.0,8.0,4.5,3.5,4.0,8.0,4.5,3.5,4.0,4.0,3.5,3.5,6.0,4.5,3.5,3.5,6.0,3.0,3.5,5.5,6.0,6.0,4.5,4.5,7.0,2.0,4.5,3.5,7.0,2.0,4.5,4.5,7.0,7.0,3.5,3.5,1.0,3.0,3.5,3.5,1.0,3.0,3.5,5.5,1.0,3.0,5.5,5.5,5.0,6.0,5.5,3.5,5.0,5.5,5.5,3.5,5.0,6.0,3.5,3.5,6.0,3.0,3.5,3.5,6.0,3.0,3.5,3.5,6.0,3.0,4.5,5.5,5.0,3.0,4.5,3.5,5.0,4.5,4.5,4.5,5.0,4.0
1,butchering_deer,4.5,7.5,7.0,4.5,4.5,7.5,7.0,4.5,4.5,1.5,7.0,4.5,8.0,8.0,6.0,7.0,8.0,7.5,6.0,4.5,8.0,7.0,6.0,3.0,4.5,7.5,8.0,4.5,4.5,7.0,8.0,1.0,4.5,2.0,8.0,6.0,1.0,2.0,6.0,5.0,1.0,7.5,6.0,4.5,1.0,1.0,6.0,5.0,7.0,7.5,7.0,4.5,7.0,8.0,7.0,2.0,7.0,1.0,7.0,1.0,1.0,1.0,5.0,3.0,1.0,7.5,5.0,4.0,1.0,8.0,5.0,7.0,8.0,7.5,8.0,4.5,8.0,7.0,8.0,1.0,8.0,2.0,8.0,8.0,8.0,8.0,1.0,5.0,8.0,7.5,1.0,6.0,8.0,8.0,1.0,8.0,7.0,8.0,7.0,2.0,7.0,8.0,7.0,2.0,7.0,1.0,7.0,1.0,2.0,1.0,8.0,2.0,2.0,7.5,8.0,5.5,2.0,7.0,8.0,4.0,8.0,7.0,8.0,1.0,8.0,7.0,8.0,1.0,8.0,7.0,8.0,1.0,8.0,2.0,4.0,5.0,8.0,7.5,4.0,4.5,8.0,8.0,4.0,7.0
1,butchering_rabbit,4.5,7.5,8.0,4.5,4.5,7.5,8.0,4.5,4.5,1.5,8.0,4.5,7.0,7.0,2.0,5.0,7.0,7.5,2.0,4.5,7.0,8.0,2.0,4.0,4.5,7.5,7.0,4.5,4.5,8.0,7.0,2.0,4.5,1.0,7.0,4.5,8.0,1.0,3.0,1.0,8.0,7.5,3.0,4.5,8.0,8.0,3.0,8.0,8.0,7.5,8.0,4.5,8.0,7.0,8.0,1.0,8.0,2.0,8.0,2.0,8.0,8.0,2.0,6.0,8.0,7.5,2.0,4.0,8.0,7.0,2.0,5.0,7.0,7.5,7.0,4.5,7.0,8.0,7.0,2.0,7.0,1.0,7.0,7.0,1.0,1.0,8.0,4.0,1.0,7.5,8.0,6.0,1.0,1.0,8.0,2.0,8.0,7.0,8.0,1.0,8.0,7.0,8.0,1.0,8.0,2.0,8.0,2.0,1.0,2.0,3.0,4.0,1.0,7.5,3.0,5.5,1.0,8.0,3.0,7.0,7.0,8.0,7.0,2.0,7.0,8.0,7.0,2.0,7.0,8.0,7.0,2.0,1.0,1.0,1.0,4.0,1.0,7.5,1.0,4.5,1.0,1.0,1.0,1.0
1,butchering_pear,4.5,3.5,3.5,4.5,4.5,3.5,3.5,4.5,4.5,5.5,3.5,4.5,3.5,3.5,3.0,8.0,3.5,3.5,3.0,4.5,3.5,3.5,3.0,7.0,4.5,3.5,2.5,4.5,4.5,3.5,2.5,6.5,4.5,5.5,2.5,7.5,4.5,5.5,5.0,2.0,4.5,3.5,5.0,4.5,4.5,4.5,5.0,2.0,3.5,3.5,3.5,4.5,3.5,3.5,3.5,7.0,3.5,5.5,3.5,7.0,4.5,4.5,7.0,4.0,4.5,3.5,7.0,4.0,4.5,3.5,7.0,1.0,3.5,3.5,2.5,4.5,3.5,3.5,2.5,6.5,3.5,5.5,2.5,2.5,4.5,4.5,5.0,6.0,4.5,3.5,5.0,6.0,4.5,4.5,5.0,5.0,3.5,3.5,4.0,7.0,3.5,3.5,4.0,7.0,3.5,5.5,4.0,7.0,5.5,5.5,2.0,1.0,5.5,3.5,2.0,5.5,5.5,3.5,2.0,5.0,3.5,3.5,2.5,5.0,3.5,3.5,2.5,6.5,3.5,3.5,2.5,7.5,4.5,5.5,2.0,2.0,4.5,3.5,2.0,4.5,4.5,4.5,2.0,6.0
1,butchering_juice,4.5,3.5,3.5,4.5,4.5,3.5,3.5,4.5,4.5,5.5,3.5,4.5,3.5,3.5,4.0,6.0,3.5,3.5,4.0,4.5,3.5,3.5,4.0,1.0,4.5,3.5,4.0,4.5,4.5,3.5,4.0,5.0,4.5,5.5,4.0,1.5,4.5,5.5,7.0,8.0,4.5,3.5,7.0,4.5,4.5,4.5,7.0,3.0,3.5,3.5,3.5,4.5,3.5,3.5,3.5,3.5,3.5,5.5,3.5,4.5,4.5,4.5,3.0,2.0,4.5,3.5,3.0,4.0,4.5,3.5,3.0,6.0,3.5,3.5,4.0,4.5,3.5,3.5,4.0,5.0,3.5,5.5,4.0,5.0,4.5,4.5,4.0,7.0,4.5,3.5,4.0,2.0,4.5,4.5,4.0,1.0,3.5,3.5,4.0,4.5,3.5,3.5,4.0,4.5,3.5,5.5,4.0,4.5,5.5,5.5,7.0,3.0,5.5,3.5,7.0,1.5,5.5,3.5,7.0,2.0,3.5,3.5,4.0,7.5,3.5,3.5,4.0,5.0,3.5,3.5,4.0,4.5,4.5,5.5,7.0,6.0,4.5,3.5,7.0,4.5,4.5,4.5,7.0,5.0
1,cooking_water,4.5,3.5,3.5,4.5,4.5,3.5,3.5,4.5,4.5,5.5,3.5,4.5,3.5,5.5,4.0,3.0,3.5,3.5,4.0,4.5,3.5,3.5,4.0,6.0,4.5,3.5,5.0,4.5,4.5,3.5,5.0,4.0,4.5,5.5,5.0,3.0,4.5,4.5,1.0,1.0,4.5,3.5,1.0,4.5,4.5,4.5,1.0,4.0,3.5,3.5,3.5,4.5,3.5,3.5,3.5,3.5,3.5,5.5,3.5,4.5,4.5,4.5,3.0,2.0,4.5,3.5,3.0,4.0,4.5,5.5,3.0,1.0,3.5,3.5,5.0,4.5,3.5,3.5,5.0,4.0,3.5,5.5,5.0,1.0,4.5,4.5,3.0,3.0,4.5,3.5,3.0,4.0,4.5,4.5,3.0,3.0,3.5,3.5,4.0,4.5,3.5,3.5,4.0,4.5,3.5,5.5,4.0,4.5,3.5,5.5,3.0,5.0,3.5,3.5,3.0,4.5,3.5,3.5,3.0,1.0,3.5,3.5,5.0,5.0,3.5,3.5,5.0,4.0,3.5,3.5,5.0,4.0,4.5,4.5,6.0,1.0,4.5,3.5,6.0,4.5,4.5,4.5,6.0,3.0
1,cooking_apple,4.5,3.5,3.5,4.5,4.5,3.5,3.5,4.5,4.5,5.5,3.5,4.5,3.5,5.5,1.0,8.0,3.5,3.5,1.0,4.5,3.5,3.5,1.0,8.0,4.5,3.5,1.0,4.5,4.5,3.5,1.0,8.0,4.5,5.5,1.0,1.5,4.5,4.5,8.0,7.0,4.5,3.5,8.0,4.5,4.5,4.5,8.0,1.0,3.5,3.5,3.5,4.5,3.5,3.5,3.5,7.0,3.5,5.5,3.5,7.0,4.5,4.5,1.0,4.0,4.5,3.5,1.0,4.0,4.5,5.5,1.0,7.0,3.5,3.5,1.0,4.5,3.5,3.5,1.0,8.0,3.5,5.5,1.0,2.5,4.5,4.5,6.0,7.0,4.5,3.5,6.0,4.0,4.5,4.5,6.0,6.0,3.5,3.5,4.0,7.0,3.5,3.5,4.0,7.0,3.5,5.5,4.0,7.0,3.5,5.5,1.0,4.0,3.5,3.5,1.0,4.5,3.5,3.5,1.0,3.0,3.5,3.5,1.0,7.5,3.5,3.5,1.0,8.0,3.5,3.5,1.0,6.5,4.5,4.5,1.0,8.0,4.5,3.5,1.0,4.5,4.5,4.5,1.0,8.0
1,cooking_peach,4.5,3.5,3.5,4.5,4.5,3.5,3.5,4.5,4.5,5.5,3.5,4.5,3.5,5.5,8.0,2.0,3.5,3.5,8.0,4.5,3.5,3.5,8.0,2.0,4.5,3.5,2.5,4.5,4.5,3.5,2.5,6.5,4.5,5.5,2.5,6.0,4.5,4.5,2.0,2.0,4.5,3.5,2.0,4.5,4.5,4.5,2.0,7.0,3.5,3.5,3.5,4.5,3.5,3.5,3.5,7.0,3.5,5.5,3.5,7.0,4.5,4.5,8.0,8.0,4.5,3.5,8.0,4.0,4.5,5.5,8.0,6.0,3.5,3.5,2.5,4.5,3.5,3.5,2.5,6.5,3.5,5.5,2.5,4.5,4.5,4.5,1.0,8.0,4.5,3.5,1.0,4.0,4.5,4.5,1.0,5.0,3.5,3.5,4.0,7.0,3.5,3.5,4.0,7.0,3.5,5.5,4.0,7.0,3.5,5.5,2.0,7.0,3.5,3.5,2.0,4.5,3.5,3.5,2.0,8.0,3.5,3.5,2.5,5.0,3.5,3.5,2.5,6.5,3.5,3.5,2.5,6.5,4.5,4.5,4.0,5.0,4.5,3.5,4.0,4.5,4.5,4.5,4.0,2.0
1,cooking_beer,4.5,3.5,3.5,4.5,4.5,3.5,3.5,4.5,4.5,5.5,3.5,4.5,3.5,5.5,7.0,6.0,3.5,3.5,7.0,4.5,3.5,3.5,7.0,5.0,4.5,3.5,6.0,4.5,4.5,3.5,6.0,3.0,4.5,5.5,6.0,4.0,4.5,4.5,7.0,6.0,4.5,3.5,7.0,4.5,4.5,4.5,7.0,6.0,3.5,3.5,3.5,4.5,3.5,3.5,3.5,5.0,3.5,5.5,3.5,3.0,4.5,4.5,7.0,7.0,4.5,3.5,7.0,8.0,4.5,5.5,7.0,5.0,3.5,3.5,6.0,4.5,3.5,3.5,6.0,3.0,3.5,5.5,6.0,6.0,4.5,4.5,8.0,5.0,4.5,3.5,8.0,4.0,4.5,4.5,8.0,2.0,3.5,3.5,1.0,3.0,3.5,3.5,1.0,3.0,3.5,5.5,1.0,3.0,3.5,5.5,5.0,8.0,3.5,3.5,5.0,4.5,3.5,3.5,5.0,6.0,3.5,3.5,6.0,3.0,3.5,3.5,6.0,3.0,3.5,3.5,6.0,3.0,4.5,4.5,5.0,4.0,4.5,3.5,5.0,4.5,4.5,4.5,5.0,4.0
1,cooking_deer,4.5,7.5,8.0,4.5,4.5,7.5,8.0,4.5,4.5,1.5,8.0,4.5,7.0,2.0,5.0,7.0,7.0,7.5,5.0,4.5,7.0,7.0,5.0,3.0,4.5,7.5,8.0,4.5,4.5,7.0,8.0,1.0,4.5,2.0,8.0,8.0,1.0,1.0,4.0,5.0,1.0,7.5,4.0,4.5,1.0,1.0,4.0,5.0,8.0,7.5,8.0,4.5,8.0,8.0,8.0,2.0,8.0,1.0,8.0,1.0,1.0,1.0,5.0,5.0,1.0,7.5,5.0,4.0,1.0,1.0,5.0,2.0,8.0,7.5,8.0,4.5,8.0,7.0,8.0,1.0,8.0,2.0,8.0,8.0,8.0,1.0,5.0,2.0,8.0,8.0,5.0,8.0,8.0,1.0,5.0,1.0,8.0,8.0,8.0,2.0,8.0,8.0,8.0,2.0,8.0,1.0,8.0,1.0,8.0,2.0,4.0,2.0,8.0,7.5,4.0,4.5,8.0,7.0,4.0,4.0,8.0,7.0,8.0,1.0,8.0,7.0,8.0,1.0,8.0,7.0,8.0,1.0,1.0,8.0,2.0,7.0,1.0,7.5,2.0,4.5,1.0,8.0,2.0,7.0
1,cooking_rabbit,4.5,7.5,7.0,4.5,4.5,7.5,7.0,4.5,4.5,1.5,7.0,4.5,8.0,1.0,2.0,4.0,8.0,7.5,2.0,4.5,8.0,8.0,2.0,4.0,4.5,7.5,7.0,4.5,4.5,8.0,7.0,2.0,4.5,1.0,7.0,6.0,8.0,8.0,5.0,8.0,8.0,7.5,5.0,4.5,8.0,8.0,5.0,8.0,7.0,7.5,7.0,4.5,7.0,7.0,7.0,1.0,7.0,2.0,7.0,2.0,8.0,8.0,2.0,6.0,8.0,7.5,2.0,4.0,8.0,2.0,2.0,4.0,7.0,7.5,7.0,4.5,7.0,8.0,7.0,2.0,7.0,1.0,7.0,7.0,1.0,8.0,4.0,4.0,1.0,7.0,4.0,4.0,1.0,8.0,4.0,7.0,7.0,7.0,7.0,1.0,7.0,7.0,7.0,1.0,7.0,2.0,7.0,2.0,7.0,1.0,8.0,1.0,7.0,7.5,8.0,4.5,7.0,8.0,8.0,7.0,7.0,8.0,7.0,2.0,7.0,8.0,7.0,2.0,7.0,8.0,7.0,2.0,8.0,1.0,7.0,3.0,8.0,7.5,7.0,4.5,8.0,1.0,7.0,1.0
1,cooking_pear,4.5,3.5,3.5,4.5,4.5,3.5,3.5,4.5,4.5,5.5,3.5,4.5,3.5,5.5,6.0,5.0,3.5,3.5,6.0,4.5,3.5,3.5,6.0,7.0,4.5,3.5,2.5,4.5,4.5,3.5,2.5,6.5,4.5,5.5,2.5,6.0,4.5,4.5,6.0,4.0,4.5,3.5,6.0,4.5,4.5,4.5,6.0,2.0,3.5,3.5,3.5,4.5,3.5,3.5,3.5,7.0,3.5,5.5,3.5,7.0,4.5,4.5,6.0,1.0,4.5,3.5,6.0,4.0,4.5,5.5,6.0,8.0,3.5,3.5,2.5,4.5,3.5,3.5,2.5,6.5,3.5,5.5,2.5,4.5,4.5,4.5,2.0,1.0,4.5,3.5,2.0,4.0,4.5,4.5,2.0,4.0,3.5,3.5,4.0,7.0,3.5,3.5,4.0,7.0,3.5,5.5,4.0,7.0,3.5,5.5,7.0,3.0,3.5,3.5,7.0,4.5,3.5,3.5,7.0,5.0,3.5,3.5,2.5,5.0,3.5,3.5,2.5,6.5,3.5,3.5,2.5,6.5,4.5,4.5,8.0,2.0,4.5,3.5,8.0,4.5,4.5,4.5,8.0,6.0
1,cooking_juice,4.5,3.5,3.5,4.5,4.5,3.5,3.5,4.5,4.5,5.5,3.5,4.5,3.5,5.5,3.0,1.0,3.5,3.5,3.0,4.5,3.5,3.5,3.0,1.0,4.5,3.5,4.0,4.5,4.5,3.5,4.0,5.0,4.5,5.5,4.0,1.5,4.5,4.5,3.0,3.0,4.5,3.5,3.0,4.5,4.5,4.5,3.0,3.0,3.5,3.5,3.5,4.5,3.5,3.5,3.5,3.5,3.5,5.5,3.5,4.5,4.5,4.5,4.0,3.0,4.5,3.5,4.0,4.0,4.5,5.5,4.0,3.0,3.5,3.5,4.0,4.5,3.5,3.5,4.0,5.0,3.5,5.5,4.0,2.5,4.5,4.5,7.0,6.0,4.5,3.5,7.0,4.0,4.5,4.5,7.0,8.0,3.5,3.5,4.0,4.5,3.5,3.5,4.0,4.5,3.5,5.5,4.0,4.5,3.5,5.5,6.0,6.0,3.5,3.5,6.0,4.5,3.5,3.5,6.0,2.0,3.5,3.5,4.0,7.5,3.5,3.5,4.0,5.0,3.5,3.5,4.0,6.5,4.5,4.5,3.0,6.0,4.5,3.5,3.0,4.5,4.5,4.5,3.0,5.0
1,trapping_water,4.5,4.0,4.0,4.5,4.5,4.0,4.0,4.5,4.5,5.0,4.0,4.5,4.0,4.0,7.0,8.0,4.0,4.0,7.0,5.0,4.0,5.0,7.0,3.0,4.5,4.0,5.0,4.5,4.5,4.0,5.0,4.0,4.5,5.0,5.0,8.0,4.0,5.0,7.0,6.0,4.0,4.0,7.0,4.5,4.0,5.0,7.0,5.0,4.0,4.0,4.0,4.5,4.0,4.0,4.0,3.5,4.0,5.0,4.0,4.5,4.0,4.0,5.0,4.0,4.0,4.0,5.0,4.5,4.0,4.0,5.0,8.0,4.0,4.0,5.0,4.5,4.0,4.0,5.0,4.0,4.0,5.0,5.0,5.0,5.0,4.0,5.0,2.0,5.0,4.0,5.0,5.0,5.0,4.0,5.0,3.0,4.0,4.0,4.5,4.5,4.0,4.0,4.5,4.5,4.0,5.0,4.5,4.5,4.0,4.0,4.0,4.0,4.0,4.0,4.0,6.5,4.0,4.0,4.0,1.0,4.0,4.0,5.0,6.0,4.0,4.0,5.0,4.0,4.0,4.0,5.0,4.0,5.0,5.0,7.0,7.0,5.0,4.0,7.0,4.5,5.0,4.0,7.0,6.0
1,trapping_apple,4.5,4.0,4.0,4.5,4.5,4.0,4.0,4.5,4.5,5.0,4.0,4.5,4.0,4.0,2.0,5.0,4.0,4.0,2.0,5.0,4.0,5.0,2.0,1.0,4.5,4.0,1.0,4.5,4.5,4.0,1.0,8.0,4.5,5.0,1.0,1.5,4.0,5.0,8.0,8.0,4.0,4.0,8.0,4.5,4.0,5.0,8.0,8.0,4.0,4.0,4.0,4.5,4.0,4.0,4.0,7.0,4.0,5.0,4.0,7.0,4.0,4.0,2.0,6.0,4.0,4.0,2.0,4.5,4.0,4.0,2.0,2.0,4.0,4.0,1.0,4.5,4.0,4.0,1.0,8.0,4.0,5.0,1.0,1.5,5.0,4.0,6.0,1.0,5.0,4.0,6.0,5.0,5.0,4.0,6.0,6.0,4.0,4.0,4.5,7.0,4.0,4.0,4.5,7.0,4.0,5.0,4.5,7.0,4.0,4.0,8.0,2.0,4.0,4.0,8.0,6.5,4.0,4.0,8.0,3.0,4.0,4.0,1.0,6.0,4.0,4.0,1.0,8.0,4.0,4.0,1.0,5.5,5.0,5.0,4.0,2.0,5.0,4.0,4.0,4.5,5.0,4.0,4.0,1.0
1,trapping_peach,4.5,4.0,4.0,4.5,4.5,4.0,4.0,4.5,4.5,5.0,4.0,4.5,4.0,4.0,8.0,4.0,4.0,4.0,8.0,5.0,4.0,5.0,8.0,7.0,4.5,4.0,2.5,4.5,4.5,4.0,2.5,6.5,4.5,5.0,2.5,6.0,4.0,5.0,4.0,1.0,4.0,4.0,4.0,4.5,4.0,5.0,4.0,2.0,4.0,4.0,4.0,4.5,4.0,4.0,4.0,7.0,4.0,5.0,4.0,7.0,4.0,4.0,8.0,1.0,4.0,4.0,8.0,4.5,4.0,4.0,8.0,3.0,4.0,4.0,2.5,4.5,4.0,4.0,2.5,6.5,4.0,5.0,2.5,3.5,5.0,4.0,8.0,6.0,5.0,4.0,8.0,5.0,5.0,4.0,8.0,5.0,4.0,4.0,4.5,7.0,4.0,4.0,4.5,7.0,4.0,5.0,4.5,7.0,4.0,4.0,2.0,8.0,4.0,4.0,2.0,6.5,4.0,4.0,2.0,8.0,4.0,4.0,2.5,6.0,4.0,4.0,2.5,6.5,4.0,4.0,2.5,7.5,5.0,5.0,8.0,1.0,5.0,4.0,8.0,4.5,5.0,4.0,8.0,7.0
1,trapping_beer,4.5,4.0,4.0,4.5,4.5,4.0,4.0,4.5,4.5,5.0,4.0,4.5,4.0,4.0,5.0,6.0,4.0,4.0,5.0,5.0,4.0,5.0,5.0,4.0,4.5,4.0,6.0,4.5,4.5,4.0,6.0,3.0,4.5,5.0,6.0,3.0,4.0,5.0,6.0,7.0,4.0,4.0,6.0,4.5,4.0,5.0,6.0,3.0,4.0,4.0,4.0,4.5,4.0,4.0,4.0,5.0,4.0,5.0,4.0,3.0,4.0,4.0,3.0,8.0,4.0,4.0,3.0,4.5,4.0,4.0,3.0,4.0,4.0,4.0,6.0,4.5,4.0,4.0,6.0,3.0,4.0,5.0,6.0,6.0,5.0,4.0,1.0,8.0,5.0,4.0,1.0,1.0,5.0,4.0,1.0,2.0,4.0,4.0,1.0,3.0,4.0,4.0,1.0,3.0,4.0,5.0,1.0,3.0,4.0,4.0,6.0,3.0,4.0,4.0,6.0,6.5,4.0,4.0,6.0,6.0,4.0,4.0,6.0,3.0,4.0,4.0,6.0,3.0,4.0,4.0,6.0,3.0,5.0,5.0,6.0,6.0,5.0,4.0,6.0,4.5,5.0,4.0,6.0,5.0
1,trapping_deer,4.5,4.0,4.0,4.5,4.5,4.0,4.0,4.5,4.5,5.0,4.0,4.5,4.0,4.0,4.0,1.0,4.0,4.0,4.0,5.0,4.0,5.0,4.0,6.0,4.5,4.0,7.0,4.5,4.5,4.0,7.0,1.0,4.5,5.0,7.0,6.0,4.0,5.0,3.0,4.0,4.0,4.0,3.0,4.5,4.0,5.0,3.0,4.0,4.0,4.0,4.0,4.5,4.0,4.0,4.0,2.0,4.0,5.0,4.0,1.0,4.0,4.0,1.0,2.0,4.0,4.0,1.0,4.5,4.0,4.0,1.0,7.0,4.0,4.0,7.0,4.5,4.0,4.0,7.0,1.0,4.0,5.0,7.0,8.0,5.0,4.0,7.0,4.0,5.0,4.0,7.0,5.0,5.0,4.0,7.0,1.0,4.0,4.0,4.5,2.0,4.0,4.0,4.5,2.0,4.0,5.0,4.5,1.0,4.0,4.0,3.0,1.0,4.0,4.0,3.0,2.5,4.0,4.0,3.0,4.0,4.0,4.0,7.0,1.0,4.0,4.0,7.0,1.0,4.0,4.0,7.0,1.0,5.0,5.0,2.0,5.0,5.0,4.0,2.0,4.5,5.0,4.0,2.0,2.0
1,trapping_rabbit,4.5,8.0,8.0,4.5,4.5,8.0,8.0,4.5,4.5,1.0,8.0,4.5,8.0,8.0,6.0,7.0,8.0,8.0,6.0,5.0,8.0,1.0,6.0,5.0,4.5,8.0,8.0,4.5,4.5,8.0,8.0,2.0,4.5,1.0,8.0,4.0,8.0,1.0,5.0,3.0,8.0,8.0,5.0,4.5,8.0,1.0,5.0,1.0,8.0,8.0,8.0,4.5,8.0,8.0,8.0,1.0,8.0,1.0,8.0,2.0,8.0,8.0,4.0,7.0,8.0,8.0,4.0,4.5,8.0,8.0,4.0,5.0,8.0,8.0,8.0,4.5,8.0,8.0,8.0,2.0,8.0,1.0,8.0,7.0,1.0,8.0,3.0,5.0,1.0,8.0,3.0,5.0,1.0,8.0,3.0,7.0,8.0,8.0,8.0,1.0,8.0,8.0,8.0,1.0,8.0,1.0,8.0,2.0,8.0,8.0,1.0,7.0,8.0,8.0,1.0,2.5,8.0,8.0,1.0,7.0,8.0,8.0,8.0,2.0,8.0,8.0,8.0,2.0,8.0,8.0,8.0,2.0,1.0,1.0,3.0,4.0,1.0,8.0,3.0,4.5,1.0,8.0,3.0,8.0
1,trapping_pear,4.5,4.0,4.0,4.5,4.5,4.0,4.0,4.5,4.5,5.0,4.0,4.5,4.0,4.0,1.0,3.0,4.0,4.0,1.0,1.0,4.0,5.0,1.0,2.0,4.5,4.0,2.5,4.5,4.5,4.0,2.5,6.5,4.5,5.0,2.5,6.0,4.0,5.0,2.0,2.0,4.0,4.0,2.0,4.5,4.0,5.0,2.0,7.0,4.0,4.0,4.0,4.5,4.0,4.0,4.0,7.0,4.0,5.0,4.0,7.0,4.0,4.0,6.0,5.0,4.0,4.0,6.0,4.5,4.0,4.0,6.0,1.0,4.0,4.0,2.5,4.5,4.0,4.0,2.5,6.5,4.0,5.0,2.5,3.5,5.0,4.0,2.0,7.0,5.0,4.0,2.0,5.0,5.0,4.0,2.0,4.0,4.0,4.0,4.5,7.0,4.0,4.0,4.5,7.0,4.0,5.0,4.5,7.0,4.0,4.0,7.0,5.0,4.0,4.0,7.0,2.5,4.0,4.0,7.0,5.0,4.0,4.0,2.5,6.0,4.0,4.0,2.5,6.5,4.0,4.0,2.5,7.5,5.0,5.0,1.0,3.0,5.0,4.0,1.0,4.5,5.0,4.0,1.0,3.0
1,trapping_juice,4.5,4.0,4.0,4.5,4.5,4.0,4.0,4.5,4.5,5.0,4.0,4.5,4.0,4.0,3.0,2.0,4.0,4.0,3.0,5.0,4.0,5.0,3.0,8.0,4.5,4.0,4.0,4.5,4.5,4.0,4.0,5.0,4.5,5.0,4.0,1.5,4.0,5.0,1.0,5.0,4.0,4.0,1.0,4.5,4.0,5.0,1.0,6.0,4.0,4.0,4.0,4.5,4.0,4.0,4.0,3.5,4.0,5.0,4.0,4.5,4.0,4.0,7.0,3.0,4.0,4.0,7.0,4.5,4.0,4.0,7.0,6.0,4.0,4.0,4.0,4.5,4.0,4.0,4.0,5.0,4.0,5.0,4.0,1.5,5.0,4.0,4.0,3.0,5.0,4.0,4.0,5.0,5.0,4.0,4.0,8.0,4.0,4.0,4.5,4.5,4.0,4.0,4.5,4.5,4.0,5.0,4.5,4.5,4.0,4.0,5.0,6.0,4.0,4.0,5.0,2.5,4.0,4.0,5.0,2.0,4.0,4.0,4.0,6.0,4.0,4.0,4.0,5.0,4.0,4.0,4.0,5.5,5.0,5.0,5.0,8.0,5.0,4.0,5.0,4.5,5.0,4.0,5.0,4.0
1,waiting_water,4.5,4.0,4.0,4.5,4.5,4.0,4.0,4.5,4.5,5.0,4.0,4.5,4.0,4.0,1.0,1.0,4.0,4.0,1.0,1.5,4.0,4.0,1.0,6.0,4.5,4.0,5.0,4.5,4.5,4.0,5.0,4.0,4.5,5.0,5.0,8.0,5.0,5.0,3.0,5.0,5.0,4.0,3.0,4.5,5.0,4.0,3.0,4.0,4.0,4.0,4.0,4.5,4.0,4.0,4.0,3.5,4.0,5.0,4.0,4.5,4.0,4.0,3.0,5.0,4.0,4.0,3.0,4.5,4.0,4.0,3.0,8.0,4.0,4.0,5.0,4.5,4.0,4.0,5.0,4.0,4.0,5.0,5.0,5.0,5.0,4.0,4.0,7.0,5.0,4.0,4.0,6.5,5.0,4.0,4.0,3.0,4.0,4.0,4.5,4.5,4.0,4.0,4.5,4.5,4.0,5.0,4.5,4.5,5.0,5.0,6.0,5.0,5.0,4.0,6.0,4.5,5.0,5.0,6.0,8.0,4.0,4.0,5.0,6.0,4.0,4.0,5.0,4.0,4.0,4.0,5.0,4.0,4.0,4.0,5.0,8.0,4.0,4.0,5.0,4.5,4.0,4.0,5.0,6.0
1,waiting_apple,4.5,4.0,4.0,4.5,4.5,4.0,4.0,4.5,4.5,5.0,4.0,4.5,4.0,4.0,6.0,2.0,4.0,4.0,6.0,5.5,4.0,4.0,6.0,8.0,4.5,4.0,1.0,4.5,4.5,4.0,1.0,8.0,4.5,5.0,1.0,1.5,5.0,5.0,8.0,1.0,5.0,4.0,8.0,4.5,5.0,4.0,8.0,1.0,4.0,4.0,4.0,4.5,4.0,4.0,4.0,7.0,4.0,5.0,4.0,7.0,4.0,4.0,4.0,1.0,4.0,4.0,4.0,4.5,4.0,4.0,4.0,2.0,4.0,4.0,1.0,4.5,4.0,4.0,1.0,8.0,4.0,5.0,1.0,1.5,5.0,4.0,3.0,2.0,5.0,4.0,3.0,3.5,5.0,4.0,3.0,6.0,4.0,4.0,4.5,7.0,4.0,4.0,4.5,7.0,4.0,5.0,4.5,7.0,5.0,5.0,3.0,8.0,5.0,4.0,3.0,4.5,5.0,5.0,3.0,6.0,4.0,4.0,1.0,6.0,4.0,4.0,1.0,8.0,4.0,4.0,1.0,5.5,4.0,4.0,8.0,1.0,4.0,4.0,8.0,4.5,4.0,4.0,8.0,1.0
1,waiting_peach,4.5,4.0,4.0,4.5,4.5,4.0,4.0,4.5,4.5,5.0,4.0,4.5,4.0,4.0,8.0,8.0,4.0,4.0,8.0,5.5,4.0,4.0,8.0,2.0,4.5,4.0,2.5,4.5,4.5,4.0,2.5,6.5,4.5,5.0,2.5,6.0,5.0,5.0,7.0,2.0,5.0,4.0,7.0,4.5,5.0,4.0,7.0,7.0,4.0,4.0,4.0,4.5,4.0,4.0,4.0,7.0,4.0,5.0,4.0,7.0,4.0,4.0,2.0,4.0,4.0,4.0,2.0,4.5,4.0,4.0,2.0,3.0,4.0,4.0,2.5,4.5,4.0,4.0,2.5,6.5,4.0,5.0,2.5,3.5,5.0,4.0,5.0,8.0,5.0,4.0,5.0,6.5,5.0,4.0,5.0,5.0,4.0,4.0,4.5,7.0,4.0,4.0,4.5,7.0,4.0,5.0,4.5,7.0,5.0,5.0,7.0,1.0,5.0,4.0,7.0,4.5,5.0,5.0,7.0,1.0,4.0,4.0,2.5,6.0,4.0,4.0,2.5,6.5,4.0,4.0,2.5,7.5,4.0,4.0,6.0,2.0,4.0,4.0,6.0,4.5,4.0,4.0,6.0,7.0
1,waiting_beer,4.5,4.0,4.0,4.5,4.5,4.0,4.0,4.5,4.5,5.0,4.0,4.5,4.0,4.0,3.0,3.0,4.0,4.0,3.0,5.5,4.0,4.0,3.0,5.0,4.5,4.0,6.0,4.5,4.5,4.0,6.0,3.0,4.5,5.0,6.0,3.0,5.0,5.0,4.0,8.0,5.0,4.0,4.0,4.5,5.0,4.0,4.0,6.0,4.0,4.0,4.0,4.5,4.0,4.0,4.0,5.0,4.0,5.0,4.0,3.0,4.0,4.0,1.0,8.0,4.0,4.0,1.0,4.5,4.0,4.0,1.0,4.0,4.0,4.0,6.0,4.5,4.0,4.0,6.0,3.0,4.0,5.0,6.0,6.0,5.0,4.0,8.0,5.0,5.0,4.0,8.0,1.5,5.0,4.0,8.0,2.0,4.0,4.0,1.0,3.0,4.0,4.0,1.0,3.0,4.0,5.0,1.0,3.0,5.0,5.0,4.0,2.0,5.0,4.0,4.0,4.5,5.0,5.0,4.0,3.0,4.0,4.0,6.0,3.0,4.0,4.0,6.0,3.0,4.0,4.0,6.0,3.0,4.0,4.0,4.0,6.0,4.0,4.0,4.0,4.5,4.0,4.0,4.0,5.0
1,waiting_deer,4.5,4.0,4.0,4.5,4.5,4.0,4.0,4.5,4.5,5.0,4.0,4.5,4.0,4.0,5.0,5.0,4.0,4.0,5.0,5.5,4.0,4.0,5.0,3.0,4.5,4.0,7.0,4.5,4.5,4.0,7.0,1.0,4.5,5.0,7.0,6.0,5.0,5.0,1.0,4.0,5.0,4.0,1.0,4.5,5.0,4.0,1.0,5.0,4.0,4.0,4.0,4.5,4.0,4.0,4.0,2.0,4.0,5.0,4.0,1.0,4.0,4.0,7.0,3.0,4.0,4.0,7.0,4.5,4.0,4.0,7.0,7.0,4.0,4.0,7.0,4.5,4.0,4.0,7.0,1.0,4.0,5.0,7.0,8.0,5.0,4.0,1.0,4.0,5.0,4.0,1.0,6.5,5.0,4.0,1.0,1.0,4.0,4.0,4.5,2.0,4.0,4.0,4.5,2.0,4.0,5.0,4.5,1.0,5.0,5.0,8.0,3.0,5.0,4.0,8.0,4.5,5.0,5.0,8.0,5.0,4.0,4.0,7.0,1.0,4.0,4.0,7.0,1.0,4.0,4.0,7.0,1.0,4.0,4.0,2.0,3.0,4.0,4.0,2.0,4.5,4.0,4.0,2.0,2.0
1,waiting_rabbit,4.5,8.0,8.0,4.5,4.5,8.0,8.0,4.5,4.5,1.0,8.0,4.5,8.0,8.0,2.0,6.0,8.0,8.0,2.0,5.5,8.0,8.0,2.0,4.0,4.5,8.0,8.0,4.5,4.5,8.0,8.0,2.0,4.5,1.0,8.0,4.0,1.0,1.0,6.0,3.0,1.0,8.0,6.0,4.5,1.0,8.0,6.0,8.0,8.0,8.0,8.0,4.5,8.0,8.0,8.0,1.0,8.0,1.0,8.0,2.0,8.0,8.0,5.0,6.0,8.0,8.0,5.0,4.5,8.0,8.0,5.0,5.0,8.0,8.0,8.0,4.5,8.0,8.0,8.0,2.0,8.0,1.0,8.0,7.0,1.0,8.0,7.0,6.0,1.0,8.0,7.0,6.5,1.0,8.0,7.0,7.0,8.0,8.0,8.0,1.0,8.0,8.0,8.0,1.0,8.0,1.0,8.0,2.0,1.0,1.0,1.0,6.0,1.0,8.0,1.0,4.5,1.0,1.0,1.0,2.0,8.0,8.0,8.0,2.0,8.0,8.0,8.0,2.0,8.0,8.0,8.0,2.0,8.0,8.0,7.0,7.0,8.0,8.0,7.0,4.5,8.0,8.0,7.0,8.0
1,waiting_pear,4.5,4.0,4.0,4.5,4.5,4.0,4.0,4.5,4.5,5.0,4.0,4.5,4.0,4.0,7.0,4.0,4.0,4.0,7.0,1.5,4.0,4.0,7.0,7.0,4.5,4.0,2.5,4.5,4.5,4.0,2.5,6.5,4.5,5.0,2.5,6.0,5.0,5.0,5.0,7.0,5.0,4.0,5.0,4.5,5.0,4.0,5.0,2.0,4.0,4.0,4.0,4.5,4.0,4.0,4.0,7.0,4.0,5.0,4.0,7.0,4.0,4.0,6.0,7.0,4.0,4.0,6.0,4.5,4.0,4.0,6.0,1.0,4.0,4.0,2.5,4.5,4.0,4.0,2.5,6.5,4.0,5.0,2.5,3.5,5.0,4.0,2.0,1.0,5.0,4.0,2.0,3.5,5.0,4.0,2.0,4.0,4.0,4.0,4.5,7.0,4.0,4.0,4.5,7.0,4.0,5.0,4.5,7.0,5.0,5.0,2.0,7.0,5.0,4.0,2.0,4.5,5.0,5.0,2.0,4.0,4.0,4.0,2.5,6.0,4.0,4.0,2.5,6.5,4.0,4.0,2.5,7.5,4.0,4.0,1.0,5.0,4.0,4.0,1.0,4.5,4.0,4.0,1.0,3.0
1,waiting_juice,4.5,4.0,4.0,4.5,4.5,4.0,4.0,4.5,4.5,5.0,4.0,4.5,4.0,4.0,4.0,7.0,4.0,4.0,4.0,5.5,4.0,4.0,4.0,1.0,4.5,4.0,4.0,4.5,4.5,4.0,4.0,5.0,4.5,5.0,4.0,1.5,5.0,5.0,2.0,6.0,5.0,4.0,2.0,4.5,5.0,4.0,2.0,3.0,4.0,4.0,4.0,4.5,4.0,4.0,4.0,3.5,4.0,5.0,4.0,4.5,4.0,4.0,8.0,2.0,4.0,4.0,8.0,4.5,4.0,4.0,8.0,6.0,4.0,4.0,4.0,4.5,4.0,4.0,4.0,5.0,4.0,5.0,4.0,1.5,5.0,4.0,6.0,3.0,5.0,4.0,6.0,1.5,5.0,4.0,6.0,8.0,4.0,4.0,4.5,4.5,4.0,4.0,4.5,4.5,4.0,5.0,4.5,4.5,5.0,5.0,5.0,4.0,5.0,4.0,5.0,4.5,5.0,5.0,5.0,7.0,4.0,4.0,4.0,6.0,4.0,4.0,4.0,5.0,4.0,4.0,4.0,5.5,4.0,4.0,3.0,4.0,4.0,4.0,3.0,4.5,4.0,4.0,3.0,4.0
1,catching_water,4.5,4.0,4.0,4.5,4.5,4.0,4.0,4.5,4.5,5.0,4.0,4.5,5.0,5.0,8.0,1.0,5.0,4.0,8.0,1.0,5.0,5.0,8.0,3.0,4.5,4.0,5.0,4.5,4.5,4.0,5.0,4.0,4.5,5.0,5.0,8.0,4.0,5.0,6.0,6.5,4.0,4.0,6.0,4.5,4.0,4.0,6.0,4.0,4.0,4.0,4.0,4.5,4.0,4.0,4.0,3.5,4.0,5.0,4.0,4.5,4.0,4.0,4.0,2.0,4.0,4.0,4.0,5.0,4.0,4.0,4.0,8.0,4.0,4.0,5.0,4.5,4.0,4.0,5.0,4.0,4.0,5.0,5.0,5.0,5.0,4.0,5.0,8.0,5.0,4.0,5.0,5.0,5.0,5.0,5.0,6.0,4.0,4.0,4.5,4.5,4.0,4.0,4.5,4.5,4.0,5.0,4.5,4.5,5.0,5.0,4.0,2.0,5.0,4.0,4.0,2.5,5.0,4.0,4.0,1.0,4.0,4.0,5.0,6.0,4.0,4.0,5.0,4.0,4.0,4.0,5.0,4.0,4.0,5.0,5.0,8.0,4.0,4.0,5.0,4.5,4.0,5.0,5.0,3.0
1,catching_apple,4.5,4.0,4.0,4.5,4.5,4.0,4.0,4.5,4.5,5.0,4.0,4.5,5.0,5.0,5.0,7.0,5.0,4.0,5.0,5.0,5.0,5.0,5.0,1.0,4.5,4.0,1.0,4.5,4.5,4.0,1.0,8.0,4.5,5.0,1.0,1.5,4.0,5.0,5.0,5.0,4.0,4.0,5.0,4.5,4.0,4.0,5.0,1.0,4.0,4.0,4.0,4.5,4.0,4.0,4.0,7.0,4.0,5.0,4.0,7.0,4.0,4.0,2.0,7.0,4.0,4.0,2.0,5.0,4.0,4.0,2.0,2.0,4.0,4.0,1.0,4.5,4.0,4.0,1.0,8.0,4.0,5.0,1.0,1.5,5.0,4.0,4.0,7.0,5.0,4.0,4.0,5.0,5.0,5.0,4.0,3.0,4.0,4.0,4.5,7.0,4.0,4.0,4.5,7.0,4.0,5.0,4.5,7.0,5.0,5.0,2.0,8.0,5.0,4.0,2.0,2.5,5.0,4.0,2.0,3.0,4.0,4.0,1.0,6.0,4.0,4.0,1.0,8.0,4.0,4.0,1.0,5.5,4.0,5.0,7.0,3.0,4.0,4.0,7.0,4.5,4.0,5.0,7.0,8.0
1,catching_peach,4.5,4.0,4.0,4.5,4.5,4.0,4.0,4.5,4.5,5.0,4.0,4.5,5.0,5.0,3.0,3.0,5.0,4.0,3.0,5.0,5.0,5.0,3.0,7.0,4.5,4.0,2.5,4.5,4.5,4.0,2.5,6.5,4.5,5.0,2.5,6.0,4.0,5.0,7.0,2.0,4.0,4.0,7.0,4.5,4.0,4.0,7.0,7.0,4.0,4.0,4.0,4.5,4.0,4.0,4.0,7.0,4.0,5.0,4.0,7.0,4.0,4.0,7.0,1.0,4.0,4.0,7.0,5.0,4.0,4.0,7.0,3.0,4.0,4.0,2.5,4.5,4.0,4.0,2.5,6.5,4.0,5.0,2.5,3.5,5.0,4.0,6.0,3.0,5.0,4.0,6.0,5.0,5.0,5.0,6.0,4.0,4.0,4.0,4.5,7.0,4.0,4.0,4.5,7.0,4.0,5.0,4.5,7.0,5.0,5.0,8.0,4.0,5.0,4.0,8.0,2.5,5.0,4.0,8.0,8.0,4.0,4.0,2.5,6.0,4.0,4.0,2.5,6.5,4.0,4.0,2.5,7.5,4.0,5.0,1.0,2.0,4.0,4.0,1.0,4.5,4.0,5.0,1.0,2.0
1,catching_beer,4.5,4.0,4.0,4.5,4.5,4.0,4.0,4.5,4.5,5.0,4.0,4.5,5.0,5.0,6.0,4.0,5.0,4.0,6.0,5.0,5.0,5.0,6.0,4.0,4.5,4.0,6.0,4.5,4.5,4.0,6.0,3.0,4.5,5.0,6.0,3.0,4.0,5.0,3.0,6.5,4.0,4.0,3.0,4.5,4.0,4.0,3.0,6.0,4.0,4.0,4.0,4.5,4.0,4.0,4.0,5.0,4.0,5.0,4.0,3.0,4.0,4.0,5.0,6.0,4.0,4.0,5.0,5.0,4.0,4.0,5.0,4.0,4.0,4.0,6.0,4.5,4.0,4.0,6.0,3.0,4.0,5.0,6.0,6.0,5.0,4.0,1.0,6.0,5.0,4.0,1.0,1.0,5.0,5.0,1.0,7.0,4.0,4.0,1.0,3.0,4.0,4.0,1.0,3.0,4.0,5.0,1.0,3.0,5.0,5.0,6.0,3.0,5.0,4.0,6.0,6.5,5.0,4.0,6.0,6.0,4.0,4.0,6.0,3.0,4.0,4.0,6.0,3.0,4.0,4.0,6.0,3.0,4.0,5.0,6.0,7.0,4.0,4.0,6.0,4.5,4.0,5.0,6.0,4.0
1,catching_deer,4.5,4.0,4.0,4.5,4.5,4.0,4.0,4.5,4.5,5.0,4.0,4.5,5.0,5.0,4.0,8.0,5.0,4.0,4.0,5.0,5.0,5.0,4.0,6.0,4.5,4.0,7.0,4.5,4.5,4.0,7.0,1.0,4.5,5.0,7.0,6.0,4.0,5.0,2.0,3.0,4.0,4.0,2.0,4.5,4.0,4.0,2.0,5.0,4.0,4.0,4.0,4.5,4.0,4.0,4.0,2.0,4.0,5.0,4.0,1.0,4.0,4.0,3.0,3.0,4.0,4.0,3.0,1.0,4.0,4.0,3.0,7.0,4.0,4.0,7.0,4.5,4.0,4.0,7.0,1.0,4.0,5.0,7.0,8.0,5.0,4.0,8.0,4.0,5.0,4.0,8.0,5.0,5.0,5.0,8.0,8.0,4.0,4.0,4.5,2.0,4.0,4.0,4.5,2.0,4.0,5.0,4.5,1.0,5.0,5.0,5.0,1.0,5.0,4.0,5.0,6.5,5.0,4.0,5.0,4.0,4.0,4.0,7.0,1.0,4.0,4.0,7.0,1.0,4.0,4.0,7.0,1.0,4.0,5.0,3.0,6.0,4.0,4.0,3.0,4.5,4.0,5.0,3.0,7.0
1,catching_rabbit,4.5,8.0,8.0,4.5,4.5,8.0,8.0,4.5,4.5,1.0,8.0,4.5,1.0,1.0,2.0,2.0,1.0,8.0,2.0,5.0,1.0,1.0,2.0,5.0,4.5,8.0,8.0,4.5,4.5,8.0,8.0,2.0,4.5,1.0,8.0,4.0,8.0,1.0,4.0,1.0,8.0,8.0,4.0,4.5,8.0,8.0,4.0,8.0,8.0,8.0,8.0,4.5,8.0,8.0,8.0,1.0,8.0,1.0,8.0,2.0,8.0,8.0,6.0,8.0,8.0,8.0,6.0,5.0,8.0,8.0,6.0,5.0,8.0,8.0,8.0,4.5,8.0,8.0,8.0,2.0,8.0,1.0,8.0,7.0,1.0,8.0,2.0,5.0,1.0,8.0,2.0,5.0,1.0,1.0,2.0,2.0,8.0,8.0,8.0,1.0,8.0,8.0,8.0,1.0,8.0,1.0,8.0,2.0,1.0,1.0,7.0,7.0,1.0,8.0,7.0,6.5,1.0,8.0,7.0,7.0,8.0,8.0,8.0,2.0,8.0,8.0,8.0,2.0,8.0,8.0,8.0,2.0,8.0,1.0,2.0,4.0,8.0,8.0,2.0,4.5,8.0,1.0,2.0,1.0
1,catching_pear,4.5,4.0,4.0,4.5,4.5,4.0,4.0,4.5,4.5,5.0,4.0,4.5,5.0,5.0,7.0,5.0,5.0,4.0,7.0,5.0,5.0,5.0,7.0,2.0,4.5,4.0,2.5,4.5,4.5,4.0,2.5,6.5,4.5,5.0,2.5,6.0,4.0,5.0,1.0,8.0,4.0,4.0,1.0,4.5,4.0,4.0,1.0,2.0,4.0,4.0,4.0,4.5,4.0,4.0,4.0,7.0,4.0,5.0,4.0,7.0,4.0,4.0,1.0,4.5,4.0,4.0,1.0,5.0,4.0,4.0,1.0,1.0,4.0,4.0,2.5,4.5,4.0,4.0,2.5,6.5,4.0,5.0,2.5,3.5,5.0,4.0,7.0,1.0,5.0,4.0,7.0,5.0,5.0,5.0,7.0,5.0,4.0,4.0,4.5,7.0,4.0,4.0,4.5,7.0,4.0,5.0,4.5,7.0,5.0,5.0,1.0,5.0,5.0,4.0,1.0,6.5,5.0,4.0,1.0,5.0,4.0,4.0,2.5,6.0,4.0,4.0,2.5,6.5,4.0,4.0,2.5,7.5,4.0,5.0,8.0,1.0,4.0,4.0,8.0,4.5,4.0,5.0,8.0,6.0
1,catching_juice,4.5,4.0,4.0,4.5,4.5,4.0,4.0,4.5,4.5,5.0,4.0,4.5,5.0,5.0,1.0,6.0,5.0,4.0,1.0,5.0,5.0,5.0,1.0,8.0,4.5,4.0,4.0,4.5,4.5,4.0,4.0,5.0,4.5,5.0,4.0,1.5,4.0,5.0,8.0,4.0,4.0,4.0,8.0,4.5,4.0,4.0,8.0,3.0,4.0,4.0,4.0,4.5,4.0,4.0,4.0,3.5,4.0,5.0,4.0,4.5,4.0,4.0,8.0,4.5,4.0,4.0,8.0,5.0,4.0,4.0,8.0,6.0,4.0,4.0,4.0,4.5,4.0,4.0,4.0,5.0,4.0,5.0,4.0,1.5,5.0,4.0,3.0,2.0,5.0,4.0,3.0,5.0,5.0,5.0,3.0,1.0,4.0,4.0,4.5,4.5,4.0,4.0,4.5,4.5,4.0,5.0,4.5,4.5,5.0,5.0,3.0,6.0,5.0,4.0,3.0,2.5,5.0,4.0,3.0,2.0,4.0,4.0,4.0,6.0,4.0,4.0,4.0,5.0,4.0,4.0,4.0,5.5,4.0,5.0,4.0,5.0,4.0,4.0,4.0,4.5,4.0,5.0,4.0,5.0
1,throwing_water,4.5,4.0,4.0,4.5,4.5,4.0,4.0,4.5,4.5,5.0,4.0,4.5,4.0,5.0,3.0,4.0,4.0,4.0,3.0,4.5,4.0,4.0,3.0,6.0,4.5,4.0,5.0,4.5,4.5,4.0,5.0,4.0,4.5,5.0,5.0,7.0,4.0,5.0,2.0,3.0,4.0,4.0,2.0,2.0,4.0,4.0,2.0,5.0,4.0,4.0,4.0,4.5,4.0,4.0,4.0,3.5,4.0,5.0,4.0,4.5,5.0,5.0,4.0,3.0,5.0,4.0,4.0,4.5,5.0,4.0,4.0,8.0,4.0,4.0,5.0,4.5,4.0,4.0,5.0,4.0,4.0,5.0,5.0,5.0,4.0,5.0,4.0,5.0,4.0,4.0,4.0,5.0,4.0,4.0,4.0,6.0,4.0,4.0,4.5,4.5,4.0,4.0,4.5,4.5,4.0,5.0,4.5,4.5,5.0,4.0,7.0,8.0,5.0,4.0,7.0,6.0,5.0,4.0,7.0,1.0,4.0,4.0,5.0,7.0,4.0,4.0,5.0,4.0,4.0,4.0,5.0,4.0,5.0,4.0,6.0,2.0,5.0,4.0,6.0,2.0,5.0,5.0,6.0,6.0
1,throwing_apple,4.5,4.0,4.0,4.5,4.5,4.0,4.0,4.5,4.5,5.0,4.0,4.5,4.0,5.0,8.0,8.0,4.0,4.0,8.0,4.5,4.0,4.0,8.0,8.0,4.5,4.0,1.0,4.5,4.5,4.0,1.0,8.0,4.5,5.0,1.0,5.5,4.0,5.0,4.0,2.0,4.0,4.0,4.0,2.0,4.0,4.0,4.0,8.0,4.0,4.0,4.0,4.5,4.0,4.0,4.0,7.0,4.0,5.0,4.0,7.0,5.0,5.0,1.0,8.0,5.0,4.0,1.0,4.5,5.0,4.0,1.0,2.0,4.0,4.0,1.0,4.5,4.0,4.0,1.0,8.0,4.0,5.0,1.0,3.5,4.0,5.0,5.0,2.0,4.0,4.0,5.0,5.0,4.0,4.0,5.0,3.0,4.0,4.0,4.5,7.0,4.0,4.0,4.5,7.0,4.0,5.0,4.5,7.0,5.0,4.0,4.0,7.0,5.0,4.0,4.0,6.0,5.0,4.0,4.0,3.0,4.0,4.0,1.0,4.5,4.0,4.0,1.0,8.0,4.0,4.0,1.0,5.5,5.0,4.0,2.0,7.0,5.0,4.0,2.0,6.0,5.0,5.0,2.0,1.0
1,throwing_peach,4.5,4.0,4.0,4.5,4.5,4.0,4.0,4.5,4.5,5.0,4.0,4.5,4.0,5.0,6.0,3.0,4.0,4.0,6.0,4.5,4.0,4.0,6.0,2.0,4.5,4.0,2.5,4.5,4.5,4.0,2.5,6.5,4.5,5.0,2.5,3.0,4.0,5.0,6.0,1.0,4.0,4.0,6.0,6.0,4.0,4.0,6.0,2.0,4.0,4.0,4.0,4.5,4.0,4.0,4.0,7.0,4.0,5.0,4.0,7.0,5.0,5.0,6.0,1.0,5.0,4.0,6.0,4.5,5.0,4.0,6.0,3.0,4.0,4.0,2.5,4.5,4.0,4.0,2.5,6.5,4.0,5.0,2.5,1.5,4.0,5.0,2.0,6.0,4.0,4.0,2.0,5.0,4.0,4.0,2.0,4.0,4.0,4.0,4.5,7.0,4.0,4.0,4.5,7.0,4.0,5.0,4.5,7.0,5.0,4.0,1.0,4.0,5.0,4.0,1.0,6.0,5.0,4.0,1.0,8.0,4.0,4.0,2.5,7.0,4.0,4.0,2.5,6.5,4.0,4.0,2.5,7.5,5.0,4.0,7.0,1.0,5.0,4.0,7.0,2.0,5.0,5.0,7.0,7.0
1,throwing_beer,4.5,4.0,4.0,4.5,4.5,4.0,4.0,4.5,4.5,5.0,4.0,4.5,4.0,5.0,2.0,7.0,4.0,4.0,2.0,4.5,4.0,4.0,2.0,5.0,4.5,4.0,6.0,4.5,4.5,4.0,6.0,3.0,4.5,5.0,6.0,1.0,4.0,5.0,3.0,6.0,4.0,4.0,3.0,2.0,4.0,4.0,3.0,3.0,4.0,4.0,4.0,4.5,4.0,4.0,4.0,5.0,4.0,5.0,4.0,3.0,5.0,5.0,5.0,4.0,5.0,4.0,5.0,4.5,5.0,4.0,5.0,4.0,4.0,4.0,6.0,4.5,4.0,4.0,6.0,3.0,4.0,5.0,6.0,6.0,4.0,5.0,1.0,3.0,4.0,4.0,1.0,1.0,4.0,4.0,1.0,7.0,4.0,4.0,1.0,3.0,4.0,4.0,1.0,3.0,4.0,5.0,1.0,3.0,5.0,4.0,6.0,6.0,5.0,4.0,6.0,6.0,5.0,4.0,6.0,6.0,4.0,4.0,6.0,3.0,4.0,4.0,6.0,3.0,4.0,4.0,6.0,3.0,5.0,4.0,4.0,3.0,5.0,4.0,4.0,6.0,5.0,5.0,4.0,5.0
1,throwing_deer,4.5,8.0,8.0,4.5,4.5,8.0,8.0,4.5,4.5,1.0,8.0,4.5,8.0,1.0,4.0,2.0,8.0,8.0,4.0,4.5,8.0,8.0,4.0,3.0,4.5,8.0,8.0,4.5,4.5,8.0,8.0,1.0,4.5,1.0,8.0,8.0,8.0,1.0,5.0,5.0,8.0,8.0,5.0,6.0,8.0,8.0,5.0,4.0,8.0,8.0,8.0,4.5,8.0,8.0,8.0,2.0,8.0,1.0,8.0,1.0,1.0,1.0,2.0,2.0,1.0,8.0,2.0,4.5,1.0,8.0,2.0,7.0,8.0,8.0,8.0,4.5,8.0,8.0,8.0,1.0,8.0,1.0,8.0,8.0,8.0,1.0,7.0,4.0,8.0,8.0,7.0,5.0,8.0,8.0,7.0,8.0,8.0,8.0,8.0,2.0,8.0,8.0,8.0,2.0,8.0,1.0,8.0,1.0,1.0,8.0,2.0,5.0,1.0,8.0,2.0,6.0,1.0,8.0,2.0,4.0,8.0,8.0,8.0,1.0,8.0,8.0,8.0,1.0,8.0,8.0,8.0,1.0,1.0,8.0,5.0,4.0,1.0,8.0,5.0,2.0,1.0,1.0,5.0,2.0
1,throwing_rabbit,4.5,4.0,4.0,4.5,4.5,4.0,4.0,4.5,4.5,5.0,4.0,4.5,4.0,5.0,7.0,1.0,4.0,4.0,7.0,4.5,4.0,4.0,7.0,4.0,4.5,4.0,7.0,4.5,4.5,4.0,7.0,2.0,4.5,5.0,7.0,3.0,4.0,5.0,1.0,7.0,4.0,4.0,1.0,6.0,4.0,4.0,1.0,1.0,4.0,4.0,4.0,4.5,4.0,4.0,4.0,1.0,4.0,5.0,4.0,2.0,5.0,5.0,3.0,6.0,5.0,4.0,3.0,4.5,5.0,4.0,3.0,5.0,4.0,4.0,7.0,4.5,4.0,4.0,7.0,2.0,4.0,5.0,7.0,7.0,4.0,5.0,8.0,7.0,4.0,4.0,8.0,5.0,4.0,4.0,8.0,2.0,4.0,4.0,4.5,1.0,4.0,4.0,4.5,1.0,4.0,5.0,4.5,2.0,5.0,4.0,5.0,1.0,5.0,4.0,5.0,2.5,5.0,4.0,5.0,7.0,4.0,4.0,7.0,2.0,4.0,4.0,7.0,2.0,4.0,4.0,7.0,2.0,5.0,4.0,3.0,5.0,5.0,4.0,3.0,6.0,5.0,5.0,3.0,8.0
1,throwing_pear,4.5,4.0,4.0,4.5,4.5,4.0,4.0,4.5,4.5,5.0,4.0,4.5,4.0,5.0,1.0,6.0,4.0,4.0,1.0,4.5,4.0,4.0,1.0,7.0,4.5,4.0,2.5,4.5,4.5,4.0,2.5,6.5,4.5,5.0,2.5,3.0,4.0,5.0,7.0,8.0,4.0,4.0,7.0,6.0,4.0,4.0,7.0,7.0,4.0,4.0,4.0,4.5,4.0,4.0,4.0,7.0,4.0,5.0,4.0,7.0,5.0,5.0,8.0,7.0,5.0,4.0,8.0,4.5,5.0,4.0,8.0,1.0,4.0,4.0,2.5,4.5,4.0,4.0,2.5,6.5,4.0,5.0,2.5,1.5,4.0,5.0,3.0,8.0,4.0,4.0,3.0,5.0,4.0,4.0,3.0,5.0,4.0,4.0,4.5,7.0,4.0,4.0,4.5,7.0,4.0,5.0,4.5,7.0,5.0,4.0,8.0,2.0,5.0,4.0,8.0,2.5,5.0,4.0,8.0,5.0,4.0,4.0,2.5,7.0,4.0,4.0,2.5,6.5,4.0,4.0,2.5,7.5,5.0,4.0,1.0,8.0,5.0,4.0,1.0,6.0,5.0,5.0,1.0,3.0
1,throwing_juice,4.5,4.0,4.0,4.5,4.5,4.0,4.0,4.5,4.5,5.0,4.0,4.5,4.0,5.0,5.0,5.0,4.0,4.0,5.0,4.5,4.0,4.0,5.0,1.0,4.5,4.0,4.0,4.5,4.5,4.0,4.0,5.0,4.5,5.0,4.0,5.5,4.0,5.0,8.0,4.0,4.0,4.0,8.0,6.0,4.0,4.0,8.0,6.0,4.0,4.0,4.0,4.5,4.0,4.0,4.0,3.5,4.0,5.0,4.0,4.5,5.0,5.0,7.0,5.0,5.0,4.0,7.0,4.5,5.0,4.0,7.0,6.0,4.0,4.0,4.0,4.5,4.0,4.0,4.0,5.0,4.0,5.0,4.0,3.5,4.0,5.0,6.0,1.0,4.0,4.0,6.0,5.0,4.0,4.0,6.0,1.0,4.0,4.0,4.5,4.5,4.0,4.0,4.5,4.5,4.0,5.0,4.5,4.5,5.0,4.0,3.0,3.0,5.0,4.0,3.0,1.0,5.0,4.0,3.0,2.0,4.0,4.0,4.0,4.5,4.0,4.0,4.0,5.0,4.0,4.0,4.0,5.5,5.0,4.0,8.0,6.0,5.0,4.0,8.0,6.0,5.0,5.0,8.0,4.0
1,stabbing_water,4.5,4.0,4.0,4.5,4.5,4.0,4.0,4.5,4.5,5.0,4.0,4.5,4.0,4.0,3.0,7.0,4.0,4.0,3.0,4.5,4.0,4.0,3.0,6.0,4.5,4.0,5.0,4.5,4.5,4.0,5.0,4.0,4.5,5.0,5.0,4.0,5.0,5.0,7.0,5.0,5.0,4.0,7.0,5.0,5.0,4.0,7.0,5.0,4.0,4.0,4.0,4.5,4.0,4.0,4.0,3.5,4.0,5.0,4.0,4.5,5.0,5.0,4.0,4.0,5.0,4.0,4.0,4.5,5.0,5.0,4.0,1.0,4.0,4.0,5.0,4.5,4.0,4.0,5.0,4.0,4.0,5.0,5.0,3.0,4.0,5.0,4.0,7.0,4.0,4.0,4.0,4.0,4.0,5.0,4.0,3.0,4.0,4.0,4.5,4.5,4.0,4.0,4.5,4.5,4.0,5.0,4.5,4.5,4.0,4.0,3.0,5.0,4.0,4.0,3.0,4.5,4.0,5.0,3.0,8.0,4.0,4.0,5.0,5.0,4.0,4.0,5.0,4.0,4.0,4.0,5.0,8.0,5.0,4.0,3.0,2.0,5.0,4.0,3.0,4.5,5.0,4.0,3.0,3.0
1,stabbing_apple,4.5,4.0,4.0,4.5,4.5,4.0,4.0,4.5,4.5,5.0,4.0,4.5,4.0,4.0,7.0,1.0,4.0,4.0,7.0,4.5,4.0,4.0,7.0,8.0,4.5,4.0,1.0,4.5,4.5,4.0,1.0,8.0,4.5,5.0,1.0,6.5,5.0,5.0,5.0,8.0,5.0,4.0,5.0,5.0,5.0,4.0,5.0,8.0,4.0,4.0,4.0,4.5,4.0,4.0,4.0,7.0,4.0,5.0,4.0,7.0,5.0,5.0,7.0,2.0,5.0,4.0,7.0,4.5,5.0,5.0,7.0,7.0,4.0,4.0,1.0,4.5,4.0,4.0,1.0,8.0,4.0,5.0,1.0,5.0,4.0,5.0,6.0,4.0,4.0,4.0,6.0,4.0,4.0,5.0,6.0,6.0,4.0,4.0,4.5,7.0,4.0,4.0,4.5,7.0,4.0,5.0,4.5,7.0,4.0,4.0,8.0,2.0,4.0,4.0,8.0,4.5,4.0,5.0,8.0,6.0,4.0,4.0,1.0,7.5,4.0,4.0,1.0,8.0,4.0,4.0,1.0,4.5,5.0,4.0,2.0,7.0,5.0,4.0,2.0,4.5,5.0,4.0,2.0,8.0
1,stabbing_peach,4.5,4.0,4.0,4.5,4.5,4.0,4.0,4.5,4.5,5.0,4.0,4.5,4.0,4.0,1.0,4.0,4.0,4.0,1.0,4.5,4.0,4.0,1.0,2.0,4.5,4.0,2.5,4.5,4.5,4.0,2.5,6.5,4.5,5.0,2.5,1.5,5.0,5.0,8.0,7.0,5.0,4.0,8.0,5.0,5.0,4.0,8.0,2.0,4.0,4.0,4.0,4.5,4.0,4.0,4.0,7.0,4.0,5.0,4.0,7.0,5.0,5.0,2.0,1.0,5.0,4.0,2.0,4.5,5.0,5.0,2.0,6.0,4.0,4.0,2.5,4.5,4.0,4.0,2.5,6.5,4.0,5.0,2.5,1.5,4.0,5.0,3.0,1.0,4.0,4.0,3.0,4.0,4.0,5.0,3.0,5.0,4.0,4.0,4.5,7.0,4.0,4.0,4.5,7.0,4.0,5.0,4.5,7.0,4.0,4.0,4.0,8.0,4.0,4.0,4.0,4.5,4.0,5.0,4.0,1.0,4.0,4.0,2.5,5.0,4.0,4.0,2.5,6.5,4.0,4.0,2.5,6.5,5.0,4.0,7.0,1.0,5.0,4.0,7.0,4.5,5.0,4.0,7.0,2.0
1,stabbing_beer,4.5,4.0,4.0,4.5,4.5,4.0,4.0,4.5,4.5,5.0,4.0,4.5,4.0,4.0,4.0,6.0,4.0,4.0,4.0,4.5,4.0,4.0,4.0,5.0,4.5,4.0,6.0,4.5,4.5,4.0,6.0,3.0,4.5,5.0,6.0,3.0,5.0,5.0,3.0,2.0,5.0,4.0,3.0,5.0,5.0,4.0,3.0,3.0,4.0,4.0,4.0,4.5,4.0,4.0,4.0,5.0,4.0,5.0,4.0,3.0,5.0,5.0,3.0,7.0,5.0,4.0,3.0,4.5,5.0,5.0,3.0,5.0,4.0,4.0,6.0,4.5,4.0,4.0,6.0,3.0,4.0,5.0,6.0,6.0,4.0,5.0,2.0,3.0,4.0,4.0,2.0,1.0,4.0,5.0,2.0,2.0,4.0,4.0,1.0,3.0,4.0,4.0,1.0,3.0,4.0,5.0,1.0,3.0,4.0,4.0,1.0,7.0,4.0,4.0,1.0,4.5,4.0,5.0,1.0,3.0,4.0,4.0,6.0,3.0,4.0,4.0,6.0,3.0,4.0,4.0,6.0,3.0,5.0,4.0,5.0,4.0,5.0,4.0,5.0,4.5,5.0,4.0,5.0,4.0
1,stabbing_deer,4.5,8.0,8.0,4.5,4.5,8.0,8.0,4.5,4.5,1.0,8.0,4.5,8.0,8.0,2.0,3.0,8.0,8.0,2.0,4.5,8.0,8.0,2.0,3.0,4.5,8.0,8.0,4.5,4.5,8.0,8.0,1.0,4.5,1.0,8.0,5.0,1.0,1.0,6.0,4.0,1.0,8.0,6.0,5.0,1.0,8.0,6.0,4.0,8.0,8.0,8.0,4.5,8.0,8.0,8.0,2.0,8.0,1.0,8.0,1.0,1.0,1.0,6.0,3.0,1.0,8.0,6.0,4.5,1.0,1.0,6.0,2.0,8.0,8.0,8.0,4.5,8.0,8.0,8.0,1.0,8.0,1.0,8.0,8.0,8.0,1.0,8.0,5.0,8.0,8.0,8.0,7.5,8.0,1.0,8.0,1.0,8.0,8.0,8.0,2.0,8.0,8.0,8.0,2.0,8.0,1.0,8.0,1.0,8.0,8.0,7.0,4.0,8.0,8.0,7.0,4.5,8.0,1.0,7.0,5.0,8.0,8.0,8.0,1.0,8.0,8.0,8.0,1.0,8.0,8.0,8.0,1.0,1.0,8.0,4.0,3.0,1.0,8.0,4.0,4.5,1.0,8.0,4.0,7.0
1,stabbing_rabbit,4.5,4.0,4.0,4.5,4.5,4.0,4.0,4.5,4.5,5.0,4.0,4.5,4.0,4.0,6.0,2.0,4.0,4.0,6.0,4.5,4.0,4.0,6.0,4.0,4.5,4.0,7.0,4.5,4.5,4.0,7.0,2.0,4.5,5.0,7.0,8.0,5.0,5.0,4.0,6.0,5.0,4.0,4.0,5.0,5.0,4.0,4.0,1.0,4.0,4.0,4.0,4.5,4.0,4.0,4.0,1.0,4.0,5.0,4.0,2.0,5.0,5.0,5.0,8.0,5.0,4.0,5.0,4.5,5.0,5.0,5.0,4.0,4.0,4.0,7.0,4.5,4.0,4.0,7.0,2.0,4.0,5.0,7.0,7.0,4.0,5.0,1.0,6.0,4.0,4.0,1.0,7.5,4.0,5.0,1.0,7.0,4.0,4.0,4.5,1.0,4.0,4.0,4.5,1.0,4.0,5.0,4.5,2.0,4.0,4.0,2.0,1.0,4.0,4.0,2.0,4.5,4.0,5.0,2.0,2.0,4.0,4.0,7.0,2.0,4.0,4.0,7.0,2.0,4.0,4.0,7.0,2.0,5.0,4.0,6.0,6.0,5.0,4.0,6.0,4.5,5.0,4.0,6.0,1.0
1,stabbing_pear,4.5,4.0,4.0,4.5,4.5,4.0,4.0,4.5,4.5,5.0,4.0,4.5,4.0,4.0,8.0,8.0,4.0,4.0,8.0,4.5,4.0,4.0,8.0,7.0,4.5,4.0,2.5,4.5,4.5,4.0,2.5,6.5,4.5,5.0,2.5,1.5,5.0,5.0,1.0,1.0,5.0,4.0,1.0,1.0,5.0,4.0,1.0,7.0,4.0,4.0,4.0,4.5,4.0,4.0,4.0,7.0,4.0,5.0,4.0,7.0,5.0,5.0,8.0,6.0,5.0,4.0,8.0,4.5,5.0,5.0,8.0,8.0,4.0,4.0,2.5,4.5,4.0,4.0,2.5,6.5,4.0,5.0,2.5,1.5,4.0,5.0,5.0,8.0,4.0,4.0,5.0,4.0,4.0,5.0,5.0,4.0,4.0,4.0,4.5,7.0,4.0,4.0,4.5,7.0,4.0,5.0,4.5,7.0,4.0,4.0,5.0,6.0,4.0,4.0,5.0,4.5,4.0,5.0,5.0,4.0,4.0,4.0,2.5,5.0,4.0,4.0,2.5,6.5,4.0,4.0,2.5,6.5,5.0,4.0,1.0,5.0,5.0,4.0,1.0,4.5,5.0,4.0,1.0,6.0
1,stabbing_juice,4.5,4.0,4.0,4.5,4.5,4.0,4.0,4.5,4.5,5.0,4.0,4.5,4.0,4.0,5.0,5.0,4.0,4.0,5.0,4.5,4.0,4.0,5.0,1.0,4.5,4.0,4.0,4.5,4.5,4.0,4.0,5.0,4.5,5.0,4.0,6.5,5.0,5.0,2.0,3.0,5.0,4.0,2.0,5.0,5.0,4.0,2.0,6.0,4.0,4.0,4.0,4.5,4.0,4.0,4.0,3.5,4.0,5.0,4.0,4.5,5.0,5.0,1.0,5.0,5.0,4.0,1.0,4.5,5.0,5.0,1.0,3.0,4.0,4.0,4.0,4.5,4.0,4.0,4.0,5.0,4.0,5.0,4.0,4.0,4.0,5.0,7.0,2.0,4.0,4.0,7.0,4.0,4.0,5.0,7.0,8.0,4.0,4.0,4.5,4.5,4.0,4.0,4.5,4.5,4.0,5.0,4.5,4.5,4.0,4.0,6.0,3.0,4.0,4.0,6.0,4.5,4.0,5.0,6.0,7.0,4.0,4.0,4.0,7.5,4.0,4.0,4.0,5.0,4.0,4.0,4.0,4.5,5.0,4.0,8.0,8.0,5.0,4.0,8.0,4.5,5.0,4.0,8.0,5.0
